date,link,title
2017-01-16 00:06:00,cz/clanky/projev-prezidenta-republiky-pri-udeleni-vyznamenani-vojenským-veteranum-royal-air-force-a-britských-pozemnich-sil-ceskoslovenskeho-puvodu.htm,Projev prezidenta republiky při udělení vyznamenání vojenským veteránům Royal Air Force a britských pozemních sil československého původu
2017-01-16 00:06:00,cz/clanky/projev-prezidenta-republiky-pri-tiskove-konferenci-po-audienci-u-kralovny-velke-britanie-a-severniho-irska.htm,Projev prezidenta republiky při tiskové konferenci po audienci u královny Velké Británie a Severního Irska
2017-01-14 00:06:00,cz/clanky/projev-prezidenta-republiky-pri-tiskove-konferenci-k-ukonceni-navstevy-jihoceskeho-kraje-181091.htm,Projev prezidenta republiky při tiskové konferenci k ukončení návštěvy Jihočeského kraje
2017-01-12 00:06:00,cz/clanky/projev-prezidenta-republiky-pri-setkani-se-zastupiteli-jihoceskeho-kraje.htm,Projev prezidenta republiky při setkání se zastupiteli Jihočeského kraje
2017-01-07 00:06:00,cz/clanky/projev-prezidenta-republiky-pri-tiskove-konferenci-s-vietnamským-prezidentem-275808.htm,Projev prezidenta republiky při tiskové konferenci s vietnamským prezidentem
2017-01-06 00:06:00,cz/clanky/projev-prezidenta-republiky-na-cesko-vietnamskem-obchodnim-foru----459294.htm,Projev prezidenta republiky na Česko-vietnamském obchodním fóru   
2017-01-31 00:05:00,cz/clanky/projev-prezidenta-republiky-pri-zahajeni-veletrhu-idet-v-brne-577103.htm,Projev prezidenta republiky při zahájení veletrhu IDET v Brně
2017-01-29 00:05:00,cz/clanky/projev-prezidenta-republiky-pri-setkani-se-cleny-zastupitelstva-jihomoravskeho-kraje.htm,Projev prezidenta republiky při setkání se členy Zastupitelstva Jihomoravského kraje
2017-01-27 00:05:00,cz/clanky/projev-prezidenta-republiky-pri-prevzeti-symbolickeho-klice-od-obce-lidice.htm,Projev prezidenta republiky při převzetí symbolického klíče od obce Lidice
2017-01-24 00:05:00,cz/clanky/projev-prezidenta-republiky-pri-setkani-s-tiskem-u-prilezitosti-navstevy-singapurskeho-prezidenta-v-cr.htm,Projev prezidenta republiky při setkání s tiskem u příležitosti návštěvy singapurského prezidenta v ČR
2017-01-17 00:05:00,cz/clanky/projev-prezidenta-republiky-pri-zahajeni-seminare-“seminar-on-tourism-and-investment”.htm,Projev prezidenta republiky při zahájení semináře “Seminar on Tourism and Investment”
2017-01-15 00:05:00,cz/clanky/projev-prezidenta-republiky-pri-diskusnim-kulatem-stolu-fora-„one-belt-one-road“.htm,"Projev prezidenta republiky při diskusním kulatém stolu fóra „One Belt, One Road“"
2017-01-14 00:05:00,cz/clanky/projev-prezidenta-republiky-pri-foru-one-belt-one-road.htm,"Projev prezidenta republiky při fóru One Belt, One Road"
2017-01-08 00:05:00,cz/clanky/projev-prezidenta-republiky-pri-jmenovani-nových-generalu-638008.htm,Projev prezidenta republiky při jmenování nových generálů
2017-01-02 00:05:00,cz/clanky/projev-prezidenta-republiky-pri-otevreni-institutu-informatiky-robotiky-a-kybernetiky-466876.htm,"Projev prezidenta republiky při otevření institutu informatiky, robotiky a kybernetiky"
2017-01-25 00:04:00,cz/clanky/projev-prezidenta-republiky-pri-slavnostnim-podpisu-prihlasky-cov-na-xxiii-zimni-olympijske-hry-713840.htm,Projev prezidenta republiky při slavnostním podpisu přihlášky ČOV na XXIII. zimní olympijské hry
2017-01-20 00:04:00,cz/clanky/projev-prezidenta-republiky-pri-setkani-s-ucastniky-slavia-international-cupu-2017-351157.htm,Projev prezidenta republiky při setkání s účastníky Slavia International Cupu 2017
2017-01-19 00:04:00,cz/clanky/projev-prezidenta-republiky-pri-predani-oceneni-vitezum-souteze-salon-vin-325312.htm,Projev prezidenta republiky při předání ocenění vítězům soutěže Salon vín
2017-01-18 00:04:00,cz/clanky/projev-prezidenta-republiky-pri-navsteve-vysoke-skoly-financni-a-spravni-401967.htm,Projev prezidenta republiky při návštěvě Vysoké školy finanční a správní
2017-01-07 00:04:00,cz/clanky/projev-prezidenta-republiky-pri-tiskove-konferenci-k ukonceni-navstevy-stredoceskeho-kraje-850899.htm,Projev prezidenta republiky při tiskové konferenci k ukončení návštěvy Středočeského kraje
2017-01-04 00:04:00,cz/clanky/projev-prezidenta-republiky-pri-jmenovani-ministra-prumyslu-a-obchodu-548703.htm,Projev prezidenta republiky při jmenování ministra průmyslu a obchodu
2017-01-28 00:03:00,cz/clanky/projev-prezidenta-republiky-pri-tiskove-konferenci-pri-statni-navsteve-chorvatske-republiky-333232.htm,Projev prezidenta republiky při tiskové konferenci při státní návštěvě Chorvatské republiky
2017-01-23 00:03:00,cz/clanky/projev-prezidenta-republiky-pri-prijeti-finalistu-xxiv-rocniku-ankety-zlaty-amos-697111.htm,Projev prezidenta republiky při přijetí finalistů XXIV. ročníku ankety Zlatý Ámos
2017-01-22 00:03:00,cz/clanky/projev-prezidenta-republiky-pri-tiskove-konferenci-k ukonceni-navstevy-olomouckeho-kraje-166068.htm,Projev prezidenta republiky při tiskové konferenci k ukončení návštěvy Olomouckého kraje
2017-01-20 00:03:00,cz/clanky/projev-prezidenta-republiky-pri-setkani-s-predstaviteli-olomouckeho-kraje-a-vybranými-starosty-689472.htm,Projev prezidenta republiky při setkání s představiteli Olomouckého kraje a vybranými starosty
2017-01-14 00:03:00,cz/clanky/projev-prezidenta-republiky-pri-jmenovani-predsedkyne-akademie-ved-cr-66917.htm,Projev prezidenta republiky při jmenování předsedkyně Akademie věd ČR
2017-01-10 00:03:00,cz/clanky/projev-prezidenta-republiky-pri-tiskove-konferenci-316826.htm,Projev prezidenta republiky při tiskové konferenci
2017-01-09 00:03:00,cz/clanky/projev-prezidenta-republiky-pri-výrocnim-koncertu-„muj-ctvrty-rok-s-vami“.htm,Projev prezidenta republiky při výročním koncertu „Můj čtvrtý rok s Vámi“
2017-01-03 00:03:00,cz/clanky/projev-prezidenta-republiky-pri-tiskove-konferenci-k-ukonceni-navstevy-karlovarskeho-kraje-647606.htm,Projev prezidenta republiky při tiskové konferenci k ukončení návštěvy Karlovarského kraje
2017-01-01 00:03:00,cz/clanky/projev-prezidenta-republiky-pri-setkani-se-cleny-zastupitelstva-karlovarskeho-kraje-a-starosty-mest-a-obci-karlovarskeho-kraje-420412.htm,Projev prezidenta republiky při setkání se členy Zastupitelstva Karlovarského kraje a starosty měst a obcí Karlovarského kraje
2017-01-23 00:02:00,cz/clanky/projev-prezidenta-republiky-pri-prevzeti-ceny-m-r-stefanika.htm,Projev prezidenta republiky při převzetí ceny M. R. Štefánika
2017-01-23 00:02:00,cz/clanky/projev-prezidenta-republiky-pri-krtu-knihy-petra-zantovskeho-cerna-kniha-ceske-televize-922775.htm,Projev prezidenta republiky při křtu knihy Petra Žantovského Černá kniha České televize
2017-01-21 00:02:00,cz/clanky/projev-prezidenta-republiky-pri-55-schuzi-poslanecke-snemovny-400309.htm,Projev prezidenta republiky při 55. schůzi Poslanecké sněmovny
2017-01-17 00:02:00,cz/clanky/projev-prezidenta-republiky-pri-zaverecne-tiskove-konferenci-v-kralovehradeckem-kraji-231501.htm,Projev prezidenta republiky při závěrečné tiskové konferenci v Královéhradeckém kraji
2017-01-15 00:02:00,cz/clanky/projev-prezidenta-republiky-pri-setkani-se-zastupiteli-kralovehradeckeho-kraje-378670.htm,Projev prezidenta republiky při setkání se zastupiteli Královéhradeckého kraje
2017-01-14 00:02:00,cz/clanky/projev-prezidenta-republiky-pri-prijeti-hejtmanu-kraju-857651.htm,Projev prezidenta republiky při přijetí hejtmanů krajů
2017-01-11 00:02:00,cz/clanky/projev-prezidenta-republiky-pri-sjezdu-spo-823359.htm,Projev prezidenta republiky při sjezdu SPO
2017-01-31 00:01:00,cz/clanky/projev-prezidenta-republiky-pri-jmenovani-clenu-bankovni-rady-cnb-205790.htm,Projev prezidenta republiky při jmenování členů Bankovní rady ČNB
2017-01-26 00:01:00,cz/clanky/projev-prezidenta-republiky-pri-zaverecne-tiskove-konferenci-v-plzenskem-kraji-220961.htm,Projev prezidenta republiky při závěrečné tiskové konferenci v Plzeňském kraji
2017-01-24 00:01:00,cz/clanky/projev-prezidenta-republiky-pri-setkani-se-cleny-zastupitelstva-plzenskeho-kraje-315690.htm,Projev prezidenta republiky při setkání se členy Zastupitelstva Plzeňského kraje
2017-01-20 00:01:00,cz/clanky/projev-prezidenta-republiky-pri-3-reprezentacnim-plesu-prezidenta-ceske-republiky-8926.htm,Projev prezidenta republiky při 3. reprezentačním plesu prezidenta České republiky
2017-01-18 00:01:00,cz/clanky/projev-prezidenta-republiky-pri-jmenovani-nových-soudcu.htm,Projev prezidenta republiky při jmenování nových soudců
2016-01-17 00:12:00,cz/clanky/projev-prezidenta-republiky-pri-otevreni-dalnice-d8.htm,Projev prezidenta republiky při otevření dálnice D8
2016-01-08 00:12:00,cz/clanky/projev-prezidenta-republiky-pri-predani-financniho-daru-fondu-ohrozených-deti-203202.htm,Projev prezidenta republiky při předání finančního daru Fondu ohrožených dětí
2016-01-07 00:12:00,cz/clanky/projev-prezidenta-republiky-pri-jednacim-dnu-53-schuze-poslanecke-snemovny-parlamentu-cr-769316.htm,Projev prezidenta republiky při jednacím dnu 53. schůze Poslanecké sněmovny Parlamentu ČR
2016-01-01 00:12:00,cz/clanky/projev-prezidenta-republiky-pri-setkani-s-tiskem-u-prilezitosti-navstevy-tadzickeho-prezidenta-v-cr-234030.htm,Projev prezidenta republiky při setkání s tiskem u příležitosti návštěvy tádžického prezidenta v ČR
2016-01-30 00:11:00,cz/clanky/projev-prezidenta-republiky-pri-jmenovani-nových-ministru-5945.htm,Projev prezidenta republiky při jmenování nových ministrů
2016-01-30 00:11:00,cz/clanky/projev-prezidenta-republiky-pri-setkani-s-tiskem-u-prilezitosti-navstevy-francouzskeho-prezidenta-v-cr-829323.htm,Projev prezidenta republiky při setkání s tiskem u příležitosti návštěvy francouzského prezidenta v ČR
2016-01-29 00:11:00,cz/clanky/projev-prezidenta-republiky-pri-velitelskem-shromazdeni-nacelnika-generalniho-stabu-acr-551520.htm,Projev prezidenta republiky při velitelském shromáždění náčelníka Generálního štábu AČR
2016-01-29 00:11:00,cz/clanky/projev-prezidenta-republiky-pri-setkani-s-tiskem-u-prilezitosti-navstevy-srbskeho-prezidenta-v-cr-294431.htm,Projev prezidenta republiky při setkání s tiskem u příležitosti návštěvy srbského prezidenta v ČR
2016-01-25 00:11:00,cz/clanky/projev-prezidenta-republiky-pri-zaverecne-tiskove-konferenci-v-usteckem-kraji-680164.htm,Projev prezidenta republiky při závěrečné tiskové konferenci v Ústeckém kraji
2016-01-23 00:11:00,cz/clanky/projev-prezidenta-republiky-pri-setkani-se-cleny-zastupitelstva-usteckeho-kraje-za-ucasti-starostu-mest-a-obci-s-rozsirenou-pusobnosti-a-vedoucich-odboru-krajskeho-uradu-190750.htm,Projev prezidenta republiky při setkání se členy Zastupitelstva Ústeckého kraje za účasti starostů měst a obcí s rozšířenou působností a vedoucích odborů Krajského úřadu
2016-01-16 00:11:00,cz/clanky/projev-prezidenta-republiky-pri-prijeti-clenu-ceske-paralympijske-výpravy-z-ria-de-janeira-452146.htm,Projev prezidenta republiky při přijetí členů České paralympijské výpravy z Ria de Janeira
2016-01-16 00:11:00,cz/clanky/projev-prezidenta-republiky-pri-prijeti-velitelu-jednotek-aktivni-zalohy-acr-773311.htm,Projev prezidenta republiky při přijetí velitelů jednotek Aktivní zálohy AČR
2016-01-15 00:11:00,cz/clanky/projev-prezidenta-republiky-pri-„china-investment-forum-2016“-837082.htm,Projev prezidenta republiky při „China investment forum 2016“
2016-01-15 00:11:00,cz/clanky/projev-prezidenta-republiky-pri-dni-podnikatelu-cr.htm,Projev prezidenta republiky při Dni podnikatelů ČR
2016-01-09 00:11:00,cz/clanky/projev-prezidenta-republiky-pri-setkani-s-predstaviteli-cechu-a-zastupci-hospodarske-komory-cr-343748.htm,Projev prezidenta republiky při setkání s představiteli cechů a zástupci Hospodářské komory ČR
2016-01-02 00:11:00,cz/clanky/projev-prezidenta-republiky-pri-setkani-s-nove-zvolenými-zastupiteli-moravskoslezskeho-kraje-soucasnými-cleny-rady-kraje-a-starosty-obci-327349.htm,"Projev prezidenta republiky při setkání s nově zvolenými zastupiteli Moravskoslezského kraje, současnými členy rady kraje a starosty obcí"
2016-01-28 00:10:00,cz/clanky/projev-prezidenta-republiky-pri-jmenovani-nových-generalu-99964.htm,Projev prezidenta republiky při jmenování nových generálů
2016-01-28 00:10:00,cz/clanky/projev-prezidenta-republiky-pri-slavnostnim-ceremonialu-udileni-statnich-vyznamenani-ceske-republiky.htm,Projev prezidenta republiky při slavnostním ceremoniálu udílení státních vyznamenání České republiky
2016-01-20 00:10:00,cz/clanky/projev-prezidenta-republiky-pri-setkani-se-cleny-rady-senioru-ceske-republiky-855511.htm,Projev prezidenta republiky při setkání se členy Rady seniorů České republiky
2016-01-20 00:10:00,cz/clanky/projev-prezidenta-republiky-pri-setkani-se-cleny-rady-senioru-ceske-republiky-648431.htm,Projev prezidenta republiky při setkání se členy Rady seniorů České republiky
2016-01-15 00:10:00,cz/clanky/projev-prezidenta-republiky-pri-tiskove-konferenci-k-summitu-v4-v-polsku-734938.htm,Projev prezidenta republiky při tiskové konferenci k Summitu V4 v Polsku
2016-01-04 00:10:00,cz/clanky/projev-prezidenta-republiky-pri-setkani-se-studenty-univerzity-tomase-bati-ve-zline-861901.htm,Projev prezidenta republiky při setkání se studenty Univerzity Tomáše Bati ve Zlíně
2016-01-03 00:10:00,cz/clanky/projev-prezidenta-republiky-pri-snemu-svazu-prumyslu-a-dopravy-cr-116811.htm,Projev prezidenta republiky při sněmu Svazu průmyslu a dopravy ČR
2016-01-03 00:10:00,cz/clanky/projev-prezidenta-republiky-pri-zahajeni-58-mezinarodniho-strojirenskeho-veletrhu-50027.htm,Projev prezidenta republiky při zahájení 58. Mezinárodního strojírenského veletrhu
2016-01-30 00:09:00,cz/clanky/projev-prezidenta-republiky-pri-konferenci-rhodes-forum-2016.htm,Projev prezidenta republiky při konferenci Rhodes Forum 2016
2016-01-29 00:09:00,cz/clanky/projev-prezidenta-republiky-pri-slavnostnim-otevreni-honorarniho-konzulatu-ceske-republiky-na-ostrove-rhodos-713639.htm,Projev prezidenta republiky při slavnostním otevření honorárního konzulátu České republiky na ostrově Rhodos
2016-01-28 00:09:00,cz/clanky/projev-prezidenta-republiky-pri-slavnostni-bohosluzbe-ve-stare-boleslavi-657704.htm,Projev prezidenta republiky při slavnostní bohoslužbě ve Staré Boleslavi
2016-01-21 00:09:00,cz/clanky/projev-prezidenta-republiky-v-ramci-71-zasedani-valneho-shromazdeni-osn.htm,Projev prezidenta republiky v rámci 71. zasedání Valného shromáždění OSN
2016-01-16 00:09:00,cz/clanky/projev-prezidenta-republiky-pri-tiskove-konferenci-k ukonceni-navstevy-pardubickeho-kraje-930302.htm,Projev prezidenta republiky při tiskové konferenci k ukončení návštěvy Pardubického kraje
2016-01-14 00:09:00,cz/clanky/projev-prezidenta-republiky-pri-krtu-knihy-tato-zeme-je-nase-25-rozhovoru-s-prezidentem-milosem-zemanem-690093.htm,Projev prezidenta republiky při křtu knihy Tato země je naše (25 rozhovorů s prezidentem Milošem Zemanem)
2016-01-14 00:09:00,cz/clanky/projev-prezidenta-republiky-pri-setkani-se-cleny-zastupitelstva-pardubickeho-kraje-vybranými-starosty-obci-a-zastupci-prispevkových-organizaci-pardubickeho-kraje-657997.htm,"Projev prezidenta republiky při setkání se členy Zastupitelstva Pardubického kraje, vybranými starosty obcí a zástupci příspěvkových organizací Pardubického kraje"
2016-01-13 00:09:00,cz/clanky/projev-prezidenta-republiky-pri-predstaveni-knihy-milana-syrucka-pod-nazvem-„françois-mitterrand--ruze-pro-prezidenta-osudy-velkeho-muze-na-pozadi-dejin-francie“--926625.htm,Projev prezidenta republiky při představení knihy Milana Syručka pod názvem „François Mitterrand: Růže pro prezidenta. Osudy velkého muže na pozadí dějin Francie“. 
2016-01-13 00:09:00,cz/clanky/projev-prezidenta-republiky-pri-prijeti-clenu-ceske-olympijske-výpravy-353125.htm,Projev prezidenta republiky při přijetí členů české olympijské výpravy
2016-01-10 00:09:00,cz/clanky/projev-prezidenta-republiky-pri-zapaleni-„masarykovy-vatry“-v-lanech.htm,Projev prezidenta republiky při zapálení „Masarykovy vatry“ v Lánech
2016-01-08 00:09:00,cz/clanky/projev-prezidenta-republiky-pri-prilezitosti-statniho-svatku-slovenske-republiky---dne-ustavy.htm,Projev prezidenta republiky při příležitosti státního svátku Slovenské republiky - Dne ústavy
2016-01-05 00:09:00,cz/clanky/projev-prezidenta-republiky-na-tiskove-konferenci-pri-oficialni-navsteve-bulharskeho-prezidenta-v-cr-812555.htm,Projev prezidenta republiky na tiskové konferenci při oficiální návštěvě bulharského prezidenta v ČR
2016-01-01 00:09:00,cz/clanky/projev-prezidenta-republiky-pri-zahajeni-skolniho-roku-973470.htm,Projev prezidenta republiky při zahájení školního roku
2016-01-25 00:08:00,cz/clanky/projev-prezidenta-republiky-pri-zahajeni-výstavy-„zeme-zivitelka-2016“.htm,Projev prezidenta republiky při zahájení výstavy „Země živitelka 2016“
2016-01-24 00:08:00,cz/clanky/projev-prezidenta-republiky-pri-jmenovani-soudcu-obecných-soudu-cr.htm,Projev prezidenta republiky při jmenování soudců obecných soudů ČR
2016-01-24 00:08:00,cz/clanky/projev-prezidenta-republiky-pri-setkani-s-vedoucimi-zastupitelských-uradu-cr-v-zahranici.htm,Projev prezidenta republiky při setkání s vedoucími zastupitelských úřadů ČR v zahraničí
2016-01-04 00:08:00,cz/clanky/projev-prezidenta-republiky-pri-otevreni-ceskeho-olympijskeho-domu-v-riu-934707.htm,Projev prezidenta republiky při otevření Českého olympijského domu v Riu
2016-01-12 00:07:00,cz/clanky/projev-prezidenta-republiky-pri-prijeti-zastupcu-odboroveho-svazu-pracovniku-hornictvi-geologie-a-naftoveho-prumyslu-552277.htm,"Projev prezidenta republiky při přijetí zástupců Odborového svazu pracovníků hornictví, geologie a naftového průmyslu"
2016-01-12 00:07:00,cz/clanky/projev-prezidenta-republiky-pri-nominacnim-veceru-ceskeho-olympijskeho-výboru-358956.htm,Projev prezidenta republiky při nominačním večeru Českého olympijského výboru
2016-01-01 00:07:00,cz/clanky/projev-prezidenta-republiky-pri-tiskove-konferenci-k-ukonceni-navstevy-kraje-vysocina-500748.htm,Projev prezidenta republiky při tiskové konferenci k ukončení návštěvy Kraje Vysočina
2016-01-29 00:06:00,cz/clanky/projev-prezidenta-republiky-pri-setkani-se-zastupiteli-kraje-vysocina-949212.htm,Projev prezidenta republiky při setkání se zastupiteli Kraje Vysočina
2016-01-23 00:06:00,cz/clanky/projev-prezidenta-republiky-pri-slavnostnim-veceru-k-zahajeni-provozu-linky-sanghaj-praha.htm,Projev prezidenta republiky při slavnostním večeru k zahájení provozu linky Šanghaj-Praha
2016-01-22 00:06:00,cz/clanky/projev-prezidenta-republiky-pri-prijeti-ucastniku-fotbaloveho-me-1976-176056.htm,Projev prezidenta republiky při přijetí účastníků fotbalového ME 1976
2016-01-21 00:06:00,cz/clanky/projev-prezidenta-republiky-na-x-sjezdu-ceskeho-svazu-bojovniku-za-svobodu.htm,Projev prezidenta republiky na X. sjezdu Českého svazu bojovníků za svobodu
2016-01-16 00:06:00,cz/clanky/projev-prezidenta-republiky-pri-„czech-top-100“-289929.htm,Projev prezidenta republiky při „CZECH TOP 100“
2016-01-15 00:06:00,cz/clanky/projev-prezidenta-republiky-pri-zahajeni-festivalu-exportu-cz-2016-935523.htm,Projev prezidenta republiky při zahájení Festivalu Exportu CZ 2016
2016-01-11 00:06:00,cz/clanky/projev-prezidenta-republiky-pri-pietnim-aktu-v-lidicich-533502.htm,Projev prezidenta republiky při pietním aktu v Lidicích
2016-01-03 00:06:00,cz/clanky/projev-prezidenta-republiky-pri-tiskove-konferenci-k-ukonceni-navstevy-jihoceskeho-kraje-201438.htm,Projev prezidenta republiky při tiskové konferenci k ukončení návštěvy Jihočeského kraje
2016-01-01 00:06:00,cz/clanky/projev-prezidenta-republiky-pri-setkani-se-zastupiteli-jihoceskeho-kraje-72496.htm,Projev prezidenta republiky při setkání se zastupiteli Jihočeského kraje
2016-01-25 00:05:00,cz/clanky/projev-prezidenta-republiky-pri-jmenovani-noveho-guvernera-cnb-899799.htm,Projev prezidenta republiky při jmenování nového guvernéra ČNB
2016-01-25 00:05:00,cz/clanky/projev-prezidenta-republiky-na-200-zofinskem-foru.htm,Projev prezidenta republiky na 200. Žofínském fóru
2016-01-20 00:05:00,cz/clanky/projev-prezidenta-republiky-pri-sazeni-pamatneho-stromu-v-cechach-pod-kosirem-606708.htm,Projev prezidenta republiky při sázení památného stromu v Čechách pod Kosířem
2016-01-20 00:05:00,cz/clanky/projev-prezidenta-republiky-pri-tiskove-konferenci-k-ukonceni-navstevy-olomouckeho-kraje-372771.htm,Projev prezidenta republiky při tiskové konferenci k ukončení návštěvy Olomouckého kraje
2016-01-18 00:05:00,cz/clanky/projev-prezidenta-republiky-pri-setkani-s-predstaviteli-olomouckeho-kraje-a-vybranými-starosty-566204.htm,Projev prezidenta republiky při setkání s představiteli Olomouckého kraje a vybranými starosty
2016-01-17 00:05:00,cz/clanky/projev-prezidenta-republiky-pri-jmenovani-clenu-bankovni-rady-cnb.htm,Projev prezidenta republiky při jmenování členů bankovní rady ČNB
2016-01-14 00:05:00,cz/clanky/projev-prezidenta-republiky-pri-slavnostni-bohosluzbe-u-prilezitosti-oslav-narozeni-karla-iv.htm,Projev prezidenta republiky při slavnostní bohoslužbě u příležitosti oslav narození Karla IV.
2016-01-12 00:05:00,cz/clanky/projev-prezidenta-republiky-pri-jmenovani-nových-rektoru-448593.htm,Projev prezidenta republiky při jmenování nových rektorů
2016-01-11 00:05:00,cz/clanky/projev-prezidenta-republiky-pri-foru-partnerských-regionu-jihoceskeho-kraje-504625.htm,Projev prezidenta republiky při Fóru partnerských regionů Jihočeského kraje
2016-01-09 00:05:00,cz/clanky/projev-prezidenta-republiky-milose-zemana-u-prilezitosti-dne-vitezstvi-ve-velke-vlastenecke-valce-na-velvyslanectvi-ruske-federace-803848.htm,Projev prezidenta republiky Miloše Zemana u příležitosti Dne vítězství ve Velké vlastenecké válce na velvyslanectví Ruské federace
2016-01-08 00:05:00,cz/clanky/projev-prezidenta-republiky-pri-jmenovani-nových-generalu532471.htm,Projev prezidenta republiky při jmenování nových generálů
2016-01-28 00:04:00,cz/clanky/projev-prezidenta-republiky-pri-navsteve-farmy-capi-hnizdo-26370.htm,Projev prezidenta republiky při návštěvě farmy Čapí hnízdo
2016-01-21 00:04:00,cz/clanky/projev-prezidenta-republiky-pri-vyhlaseni-23-rocniku-souteze-„manazer-roku-2015“-617214.htm,Projev prezidenta republiky při vyhlášení 23. ročníku soutěže „Manažer roku 2015“
2016-01-20 00:04:00,cz/clanky/projev-prezidenta-republiky-na-tiskove-konferenci-k-ukonceni-navstevy-stredoceskeho-kraje-261469.htm,Projev prezidenta republiky na tiskové konferenci k ukončení návštěvy Středočeského kraje
2016-01-19 00:04:00,cz/clanky/projev-prezidenta-republiky-pri-setkani-s-piloty-kadety-a-zamestnanci-spolecnosti-f-air-a-letiste-benesov.htm,"Projev prezidenta republiky při setkání s piloty, kadety a zaměstnanci společnosti F AIR a Letiště Benešov"
2016-01-18 00:04:00,cz/clanky/projev-prezidenta-republiky-pri-setkani-se-zastupiteli-stredoceskeho-kraje-2841.htm,Projev prezidenta republiky při setkání se zastupiteli Středočeského kraje
2016-01-18 00:04:00,cz/clanky/projev-prezidenta-republiky-pri-setkani-se-zamestnanci-spolecnosti-sellier---bellot-as-292501.htm,Projev prezidenta republiky při setkání se zaměstnanci společnosti Sellier & Bellot a.s.
2016-01-12 00:04:00,cz/clanky/projev-prezidenta-republiky-pri-prijeti-clenu-policejniho-sboru-.htm,Projev prezidenta republiky při přijetí členů policejního sboru 
2016-01-11 00:04:00,cz/clanky/projev-prezidenta-republiky-pri-setkani-s-tiskem-u-prilezitosti-navstevy-prezidenta-rakouske-republiky.htm,Projev prezidenta republiky při setkání s tiskem u příležitosti návštěvy prezidenta Rakouské republiky
2016-01-07 00:04:00,cz/clanky/projev-prezidenta-republiky-pri-predavani-zlateho-zachranarskeho-krize-786880.htm,Projev prezidenta republiky při předávání Zlatého záchranářského kříže
2016-01-06 00:04:00,cz/clanky/projev-prezidenta-republiky-pri-setkani-s-tiskem-u-prilezitosti-navstevy-prezidenta-cerne-hory-254379.htm,Projev prezidenta republiky při setkání s tiskem u příležitosti návštěvy prezidenta Černé Hory
2016-01-01 00:04:00,cz/clanky/projev-prezidenta-republiky-pri-setkani-s-obcany-vrchlabi-62851.htm,Projev prezidenta republiky při setkání s občany Vrchlabí
2016-01-01 00:04:00,cz/clanky/projev-prezidenta-republiky-pri-tiskove-konferenci-k-ukonceni-navstevy-kralovehradeckeho-kraje-57176.htm,Projev prezidenta republiky při tiskové konferenci k ukončení návštěvy Královéhradeckého kraje
2016-01-31 00:03:00,cz/clanky/projev-prezidenta-republiky-pri-setkani-se-zastupiteli-kralovehradeckeho-kraje-190070.htm,Projev prezidenta republiky při setkání se zastupiteli Královéhradeckého kraje
2016-01-31 00:03:00,cz/clanky/projev-prezidenta-republiky-pri-setkani-s-obcany-trebechovic-pod-orebem-285023.htm,Projev prezidenta republiky při setkání s občany Třebechovic pod Orebem
2016-01-30 00:03:00,cz/clanky/projev-prezidenta-republiky-pri-zahajeni-diskuzniho-stolu-s-ceskými-a-cinskými-investory-870662.htm,Projev prezidenta republiky při zahájení diskuzního stolu s českými a čínskými investory
2016-01-29 00:03:00,cz/clanky/projev-prezidenta-republiky-pri-setkani-s-tiskem-u-prilezitosti-navstevy-prezidenta-clr.htm,Projev prezidenta republiky při setkání s tiskem u příležitosti návštěvy prezidenta ČLR
2016-01-29 00:03:00,cz/clanky/projev-prezidenta-republiky-pri-slavnostni-veceri-pri-navsteve-prezidenta-clr-47919.htm,Projev prezidenta republiky při slavnostní večeři při návštěvě prezidenta ČLR
2016-01-21 00:03:00,cz/clanky/projev-prezidenta-republiky-pri-vyhlaseni-ankety-„fotbalista-roku-2015“-264514.htm,Projev prezidenta republiky při vyhlášení ankety „Fotbalista roku 2015“
2016-01-17 00:03:00,cz/clanky/projev-prezidenta-republiky-pri-prijeti-finalistu-xxiii-rocniku-ankety-zlaty-amos-877796.htm,Projev prezidenta republiky při přijetí finalistů XXIII. ročníku ankety Zlatý Ámos
2016-01-15 00:03:00,cz/clanky/projev-prezidenta-republiky-pri-tiskove-konferenci-k-navsteve-polskeho-prezidenta-v-cr-373204.htm,Projev prezidenta republiky při tiskové konferenci k návštěvě polského prezidenta v ČR
2016-01-11 00:03:00,cz/clanky/projev-prezidenta-republiky-pri-ucasti-na-42-schuzi-poslanecke-snemovny-152758.htm,Projev prezidenta republiky při účasti na 42. schůzi Poslanecké sněmovny
2016-01-09 00:03:00,cz/clanky/projev-prezidenta-republiky-pri-tiskove-konferenci-k-ukonceni-navstevy-karlovarskeho-kraje-887020.htm,Projev prezidenta republiky při tiskové konferenci k ukončení návštěvy Karlovarského kraje
2016-01-08 00:03:00,cz/clanky/projev-prezidenta-republiky-pri-setkani-s-obcany-kynsperku-nad-ohri-957938.htm,Projev prezidenta republiky při setkání s občany Kynšperku nad Ohří
2016-01-07 00:03:00,cz/clanky/projev-prezidenta-republiky-pri-setkani-se-zamestnanci-spolecnosti-rotas-strojirny-spol-s-ro.htm,Projev prezidenta republiky při setkání se zaměstnanci společnosti Rotas strojírny spol. s r.o.
2016-01-07 00:03:00,cz/clanky/projev-prezidenta-republiky-pri-setkani-s-obcany-nejdku-54745.htm,Projev prezidenta republiky při setkání s občany Nejdku
2016-01-07 00:03:00,cz/clanky/projev-prezidenta-republiky-pri-setkani-se-zastupiteli-karlovarskeho-kraje-502533.htm,Projev prezidenta republiky při setkání se zastupiteli Karlovarského kraje
2016-01-04 00:03:00,cz/clanky/projev-prezidenta-republiky-pri-podpisu-dokumentu-resicich-restitucni-naroky-287452.htm,Projev prezidenta republiky při podpisu dokumentů řešících restituční nároky
2016-01-26 00:02:00,cz/clanky/projev-prezidenta-republiky-pri-tiskove-konferenci-k-ukonceni-navstevy-libereckeho-kraje-981750.htm,Projev prezidenta republiky při tiskové konferenci k ukončení návštěvy Libereckého kraje
2016-01-24 00:02:00,cz/clanky/projev-prezidenta-republiky-pri-setkani-se-zastupiteli-libereckeho-kraje-845344.htm,Projev prezidenta republiky při setkání se zastupiteli Libereckého kraje
2016-01-24 00:02:00,cz/clanky/projev-prezidenta-republiky-na-technicke-univerzite-v-liberci-150885.htm,Projev prezidenta republiky na Technické univerzitě v Liberci
2016-01-18 00:02:00,cz/clanky/projev-prezidenta-republiky-pri-tiskove-konferenci-k-navsteve-prezidenta-slovinske-republiky-v-cr-106706.htm,Projev prezidenta republiky při tiskové konferenci k návštěvě prezidenta Slovinské republiky v ČR
2016-01-17 00:02:00,cz/clanky/projev-prezidenta-republiky-pri-predavani-oceneni-vitezum-salonu-vin-–-narodni-souteze-vin-cr-994160.htm,Projev prezidenta republiky při předávání ocenění vítězům Salonu vín – Národní soutěže vín ČR.
2016-01-12 00:02:00,cz/clanky/projev-prezidenta-republiky-pri-konferenci-„socialna-demokracia-v-21-storoci-–-bez-skrtov-a-blizsie-k-ludom“-492506.htm,Projev prezidenta republiky při konferenci „Sociálna demokracia v 21. storočí – bez škrtov a bližšie k luďom!“
2016-01-10 00:02:00,cz/clanky/projev-prezidenta-republiky-pri-setkani-s-obcany-kornatic-373485.htm,Projev prezidenta republiky při setkání s občany Kornatic
2016-01-10 00:02:00,cz/clanky/projev-prezidenta-republiky-pri-tiskove-konferenci-k-ukonceni-navstevy-plzenskeho-kraje-474395.htm,Projev prezidenta republiky při tiskové konferenci k ukončení návštěvy Plzeňského kraje
2016-01-09 00:02:00,cz/clanky/projev-prezidenta-republiky-pri-setkani-se-studenty-klatovských-strednich-skol-957480.htm,Projev prezidenta republiky při setkání se studenty klatovských středních škol
2016-01-08 00:02:00,cz/clanky/projev-prezidenta-republiky-pri-setkani-se-zastupiteli-plzenskeho-kraje-945366.htm,Projev prezidenta republiky při setkání se zastupiteli Plzeňského kraje
2016-01-28 00:01:00,cz/clanky/projev-prezidenta-republiky-pri-„setkani-lidru-ceskeho-exportu-2016“-197390.htm,Projev prezidenta republiky při „Setkání lídrů českého exportu 2016“
2016-01-27 00:01:00,cz/clanky/projev-prezidenta-republiky-pri-tiskove-konferenci-k-ukonceni-navstevy-jihomoravskeho-kraje-980067.htm,Projev prezidenta republiky při tiskové konferenci k ukončení návštěvy Jihomoravského kraje
2016-01-26 00:01:00,cz/clanky/projev-prezidenta-republiky-pri-navsteve-domovu-s-hospicovou-peci-v-ujezde-u-brna-403556.htm,Projev prezidenta republiky při návštěvě domovu s hospicovou péčí v Újezdě u Brna
2016-01-26 00:01:00,cz/clanky/projev-prezidenta-republiky-pri-setkani-s-obcany-slavkova-u-brna-823379.htm,Projev prezidenta republiky při setkání s občany Slavkova u Brna
2016-01-25 00:01:00,cz/clanky/projev-prezidenta-republiky-pri-setkani-se-zastupiteli-jihomoravskeho-kraje-757613.htm,Projev prezidenta republiky při setkání se zastupiteli Jihomoravského kraje
2016-01-25 00:01:00,cz/clanky/projev-prezidenta-republiky-pri-setkani-s-obcany-tisnova.htm,Projev prezidenta republiky při setkání s občany Tišnova
2016-01-22 00:01:00,cz/clanky/projev-prezidenta-republiky-pri-prezidentskem-plesu-786821.htm,Projev prezidenta republiky při prezidentském plesu
2016-01-05 00:01:00,cz/clanky/projev-prezidenta-republiky-pri-slavnostnim-otevreni-luzkoveho-hospice-libereckeho-kraje-142020.htm,Projev prezidenta republiky při slavnostním otevření Lůžkového hospice Libereckého kraje
2015-01-17 00:12:00,cz/clanky/projev-prezidenta-republiky-pri-predavani-financniho-daru-fondu-ohrozených-deti-125384.htm,Projev prezidenta republiky při předávání finančního daru Fondu ohrožených dětí
2015-01-13 00:12:00,cz/clanky/projev-prezidenta-republiky-pri-prohlidce-legiovlaku.htm,Projev prezidenta republiky při prohlídce Legiovlaku
2015-01-09 00:12:00,cz/clanky/projev-prezidenta-republiky-pri-tiskove-konferenci-k-ukonceni-navstevy-usteckeho-kraje-138656.htm,Projev prezidenta republiky při tiskové konferenci k ukončení návštěvy Ústeckého kraje
2015-01-09 00:12:00,cz/clanky/projev-prezidenta-republiky-pri-setkani-s-obcany-kadane-471272.htm,Projev prezidenta republiky při setkání s občany Kadaně
2015-01-07 00:12:00,cz/clanky/projev-prezidenta-republiky-pri-setkani-se-zastupiteli-usteckeho-kraje-148490.htm,Projev prezidenta republiky při setkání se zastupiteli Ústeckého kraje
2015-01-07 00:12:00,cz/clanky/projev-prezidenta-republiky-pri-setkani-s-obcany-benesova-nad-ploucnici-903124.htm,Projev prezidenta republiky při setkání s občany Benešova nad Ploučnicí
2015-01-02 00:12:00,cz/clanky/projev-prezidenta-republiky-pri-tiskove-konferenci-k-navsteve-prezidentky-korejske-republiky-v-cr-954362.htm,Projev prezidenta republiky při tiskové konferenci k návštěvě prezidentky Korejské republiky v ČR
2015-01-02 00:12:00,cz/clanky/projev-prezidenta-republiky-pri-cesko-korejskem-podnikatelskem-seminari-981482.htm,Projev prezidenta republiky při česko-korejském podnikatelském semináři
2015-01-24 00:11:00,cz/clanky/projev-prezidenta-republiky-pri-velitelskem-shromazdeni-nacelnika-generalniho-stabu-acr-810382.htm,Projev prezidenta republiky při velitelském shromáždění náčelníka Generálního štábu AČR
2015-01-17 00:11:00,cz/clanky/projev-prezidenta-republiky-pri-vzpominkovem-aktu-udalosti-17-listopadu.htm,Projev prezidenta republiky při vzpomínkovém aktu událostí 17. listopadu
2015-01-12 00:11:00,cz/clanky/projev-prezidenta-republiky-pri-tiskove-konferenci-s-predstaviteli-justicnich-organu-231107.htm,Projev prezidenta republiky při tiskové konferenci s představiteli justičních orgánů
2015-01-10 00:11:00,cz/clanky/-projev-prezidenta-republiky-pri-setkani-se-zastupci-cmkos.htm, Projev prezidenta republiky při setkání se zástupci ČMKOS
2015-01-10 00:11:00,cz/clanky/projev-prezidenta-republiky-pri-„china-investment-forum-2015“-127015.htm,Projev prezidenta republiky při „China Investment Forum 2015“
2015-01-07 00:11:00,cz/clanky/projev-prezidenta-republiky-na-programove-konferenci-spo.htm,Projev prezidenta republiky na programové konferenci SPO
2015-01-04 00:11:00,cz/clanky/projev-prezidenta-republiky-pri-setkani-s-obcany-mesta-lanskroun-951648.htm,Projev prezidenta republiky při setkání s občany města Lanškroun
2015-01-04 00:11:00,cz/clanky/projev-prezidenta-republiky-pri-tiskove-konferenci-k-ukonceni-navstevy-pardubickeho-kraje-308595.htm,Projev prezidenta republiky při tiskové konferenci k ukončení návštěvy Pardubického kraje
2015-01-03 00:11:00,cz/clanky/projev-prezidenta-republiky-pri-setkani-s-obcany-zamberku-903349.htm,Projev prezidenta republiky při setkání s občany Žamberku
2015-01-02 00:11:00,cz/clanky/projev-prezidenta-republiky-pri-setkani-s-krajskými-zastupiteli-pardubickeho-kraje-143494.htm,Projev prezidenta republiky při setkání s krajskými zastupiteli Pardubického kraje
2015-01-28 00:10:00,cz/clanky/projev-prezidenta-republiky-pri-prisaze-vojaku-armady-ceske-republiky-847331.htm,Projev prezidenta republiky při přísaze vojáků Armády České republiky
2015-01-28 00:10:00,cz/clanky/projev-prezidenta-republiky-pri-jmenovani-nových-generalu-584863.htm,Projev prezidenta republiky při jmenování nových generálů
2015-01-28 00:10:00,cz/clanky/projev-prezidenta-republiky-behem-slavnostniho-ceremonialu-udeleni-statniho-vyznamenani-ceske-republiky-ve-vladislavskem-sale--748469.htm,Projev prezidenta republiky během slavnostního ceremoniálu udělení státního vyznamenání České republiky ve Vladislavském sále 
2015-01-21 00:10:00,cz/clanky/projev-prezidenta-republiky-na-tiskove-konferenci-pri-statni-navsteve-prezidenta-statu-izrael-904593.htm,Projev prezidenta republiky na tiskové konferenci při státní návštěvě prezidenta Státu Izrael
2015-01-16 00:10:00,cz/clanky/projev-prezidenta-republiky-pri-tiskove-konferenci-na-zaver-navstevy-zlinskeho-kraje-237169.htm,Projev prezidenta republiky při tiskové konferenci na závěr návštěvy Zlínského kraje
2015-01-16 00:10:00,cz/clanky/projev-prezidenta-republiky-pri-setkani-s-obcany-mesta-holesov-424164.htm,Projev prezidenta republiky při setkání s občany města Holešov
2015-01-15 00:10:00,cz/clanky/projev-prezidenta-republiky-pri-setkani-s-obcany-mesta-slavicin-804131.htm,Projev prezidenta republiky při setkání s občany města Slavičín
2015-01-15 00:10:00,cz/clanky/projev-prezidenta-republiky-pri-setkani-s-obcany-roznova-pod-radhostem-838327.htm,Projev prezidenta republiky při setkání s občany Rožnova pod Radhoštěm
2015-01-14 00:10:00,cz/clanky/projev-prezidenta-republiky-pri-setkani-s-krajskými-zastupiteli-zlinskeho-kraje-732386.htm,Projev prezidenta republiky při setkání s krajskými zastupiteli Zlínského kraje
2015-01-14 00:10:00,cz/clanky/projev-prezidenta-republiky-pri-setkani-s-obcany-obce-zdounky-612001.htm,Projev prezidenta republiky při setkání s občany obce Zdounky
2015-01-09 00:10:00,cz/clanky/projev-prezidenta-republiky-pri-tiskove-konferenci-summitu-prezidentu-zemi-v4-166159.htm,Projev prezidenta republiky při tiskové konferenci summitu prezidentů zemí V4
2015-01-01 00:10:00,cz/clanky/projev-prezidenta-republiky-pri-setkani-s-hejtmany-kraju-301066.htm,Projev prezidenta republiky při setkání s hejtmany krajů
2015-01-01 00:10:00,cz/clanky/projev-prezidenta-republiky-pri-setkani-s-radou-senioru-539755.htm,Projev prezidenta republiky při setkání s Radou seniorů
2015-01-29 00:09:00,cz/clanky/projev-prezidenta-republiky-pri-70-zasedani-valneho-shromazdeni-organizace-spojených-narodu.htm,Projev prezidenta republiky při 70. zasedání Valného shromáždění Organizace spojených národů
2015-01-24 00:09:00,cz/clanky/projev-prezidenta-republiky-pri-setkani-s-obcany-vysni-lhoty-123548.htm,Projev prezidenta republiky při setkání s občany Vyšní Lhoty
2015-01-24 00:09:00,cz/clanky/projev-prezidenta-republiky-pri-tiskove-konferenci-k-ukonceni-navstevy-moravskoslezskeho-kraje-632768.htm,Projev prezidenta republiky při tiskové konferenci k ukončení návštěvy Moravskoslezského kraje
2015-01-23 00:09:00,cz/clanky/projev-prezidenta-republiky-pri-setkani-se-zamestnanci-trineckých-zelezaren-754259.htm,Projev prezidenta republiky při setkání se zaměstnanci Třineckých železáren
2015-01-23 00:09:00,cz/clanky/projev-prezident-republiky-pri-setkani-s-obcany-jablunkova-68494.htm,Projev prezident republiky při setkání s občany Jablunkova
2015-01-23 00:09:00,cz/clanky/projev-prezidenta-republiky-na-setkani-s-obcany-trince-75496.htm,Projev prezidenta republiky na setkání s občany Třince
2015-01-22 00:09:00,cz/clanky/projev-prezidenta-republiky-pri-setkani-s-krajskými-zastupiteli-moravskoslezskeho-kraje-113841.htm,Projev prezidenta republiky při setkání s krajskými zastupiteli Moravskoslezského kraje
2015-01-22 00:09:00,cz/clanky/projev-prezidenta-republiky-pri-setkani-s-obcany-frýdku-mistku-85876.htm,Projev prezidenta republiky při setkání s občany Frýdku-Místku
2015-01-21 00:09:00,cz/clanky/projev-prezidenta-republiky-pri-krtu-knihy-herberta-slavika-o-prazskem-hrade-563187.htm,Projev prezidenta republiky při křtu knihy Herberta Slavíka o Pražském hradě
2015-01-14 00:09:00,cz/clanky/projev-prezidenta-republiky-pri-zahajeni-57-mezinarodniho-strojirenskeho-veletrhu-203806.htm,Projev prezidenta republiky při zahájení 57. Mezinárodního strojírenského veletrhu
2015-01-10 00:09:00,cz/clanky/projev-prezidenta-republiky-pri-oslave-statniho-svatku-slovenske-republiky-–-dni-ustavy-784405.htm,Projev prezidenta republiky při oslavě státního svátku Slovenské republiky – Dni ústavy
2015-01-09 00:09:00,cz/clanky/projev-prezidenta-republiky-pri-tiskove-konferenci-k-jednani-vlady-944505.htm,Projev prezidenta republiky při tiskové konferenci k jednání vlády
2015-01-01 00:09:00,cz/clanky/projev-prezidenta-republiky-pri-zahajeni-skolniho-roku-530802.htm,Projev prezidenta republiky při zahájení školního roku
2015-01-31 00:08:00,cz/clanky/projev-prezidenta-republiky-pri-slavnostnim-otevreni-pobocky-bank-of-china-v-cr-892185.htm,Projev prezidenta republiky při slavnostním otevření pobočky Bank of China v ČR
2015-01-31 00:08:00,cz/clanky/projev-prezidenta-republiky-pri-tiskove-konferenci-prezidenta-republiky-336191.htm,Projev prezidenta republiky při tiskové konferenci prezidenta republiky
2015-01-25 00:08:00,cz/clanky/projev-prezidenta-republiky-pri-prijeti-vedoucich-zastupitelských-uradu-cr-v-zahranici-221283.htm,Projev prezidenta republiky při přijetí vedoucích zastupitelských úřadu ČR v zahraničí
2015-01-13 00:07:00,cz/clanky/projev-prezidenta-republiky-pri-odhaleni-busty-francouzskeho-prezidenta-mitterranda-124736.htm,Projev prezidenta republiky při odhalení busty francouzského prezidenta Mitterranda
2015-01-26 00:06:00,cz/clanky/projev-prezidenta-republiky-na-tiskove-konferenci-k-ukonceni-navstevy-kraje-vysocina-682663.htm,Projev prezidenta republiky na tiskové konferenci k ukončení návštěvy Kraje Vysočina
2015-01-24 00:06:00,cz/clanky/projev-prezidenta-republiky-pri-setkani-s-krajskými-zastupiteli-kraje-vysocina-863550.htm,Projev prezidenta republiky při setkání s krajskými zastupiteli Kraje Vysočina
2015-01-24 00:06:00,cz/clanky/projev-prezidenta-republiky-pri-setkani-s-obcany-v-novem-veseli-224200.htm,Projev prezidenta republiky při setkání s občany v Novém Veselí
2015-01-19 00:06:00,cz/clanky/projev-prezidenta-republiky-pri-29-schuzi-poslanecke-snemovny-parlamentu-cr.htm,Projev prezidenta republiky při 29. schůzi Poslanecké sněmovny Parlamentu ČR
2015-01-17 00:06:00,cz/clanky/projev-prezidenta-republiky-pri-jmenovani-ministryne-skolstvi-mladeze-a-telovýchovy-124536.htm,"Projev prezidenta republiky při jmenování ministryně školství, mládeže a tělovýchovy"
2015-01-17 00:06:00,cz/clanky/projev-prezidenta-republiky-pri-slavnostni-veceri-poradane-pri-prilezitosti-summitu-ministru-zdravotnictvi-cinske-lidove-republiky-a-ceske-republiky.htm,Projev prezidenta republiky při slavnostní večeři pořádané při příležitosti summitu ministrů zdravotnictví Čínské lidové republiky a České republiky
2015-01-05 00:06:00,cz/clanky/projev-prezidenta-republiky-pri-ceremonialu-k-ucteni-pamatky-mistra-jana-husa.htm,Projev prezidenta republiky při ceremoniálu k uctění památky mistra Jana Husa
2015-01-01 00:06:00,cz/clanky/projev-prezidenta-republiky-pri-setkani-s-krajskými-zastupiteli-jihoceskeho-kraje.htm,Projev prezidenta republiky při setkání s krajskými zastupiteli Jihočeského kraje
2015-01-28 00:05:00,cz/clanky/projev-prezidenta-republiky-na-xxvii-snemu-hospodarske-komory-cr-607136.htm,Projev prezidenta republiky na XXVII. sněmu Hospodářské komory ČR
2015-01-17 00:05:00,cz/clanky/projev-prezidenta-republiky-na-terezinske-tryzne-994709.htm,Projev prezidenta republiky na Terezínské tryzně
2015-01-15 00:05:00,cz/clanky/projev-prezidenta-republiky-na-tiskove-konferenci-k-ukonceni-navstevy-olomouckeho-kraje-473860.htm,Projev prezidenta republiky na tiskové konferenci k ukončení návštěvy Olomouckého kraje
2015-01-13 00:05:00,cz/clanky/projev-prezidenta-republiky-pri-setkani-se-zastupiteli-olomouckeho-kraje-984576.htm,Projev prezidenta republiky při setkání se zastupiteli Olomouckého kraje
2015-01-11 00:05:00,cz/clanky/projev-prezidenta-republiky-na-tiskove-konferenci-pri-statni-navsteve-vietnamskeho-prezidenta-v-ceske-republice.htm,Projev prezidenta republiky na tiskové konferenci při státní návštěvě vietnamského prezidenta v České republice
2015-01-05 00:05:00,cz/clanky/projev-prezidenta-republiky-pri-slavnostnim-shromazdeni-konanem-pri-prilezitost-70-výroci-ukonceni-druhe-svetove-valky-a-ucteni-pamatky-padlých-vojaku-163804.htm,Projev prezidenta republiky při slavnostním shromáždění konaném při příležitost 70. výročí ukončení druhé světové války a uctění památky padlých vojáků.
2015-01-30 00:04:00,cz/clanky/projev-prezidenta-republiky-pri-tiskove-konferenci-k-ukonceni-navstevy-stredoceskeho-kraje-341415.htm,Projev prezidenta republiky při tiskové konferenci k ukončení návštěvy Středočeského kraje
2015-01-28 00:04:00,cz/clanky/projev-prezidenta-republiky-pri-setkani-s-krajskými-zastupiteli-665096.htm,Projev prezidenta republiky při setkání s krajskými zastupiteli
2015-01-23 00:04:00,cz/clanky/projev-prezidenta-republiky-pri-vyhlaseni-22-rocniku-souteze-„manazer-roku-2014“-446758.htm,Projev prezidenta republiky při vyhlášení 22. ročníku soutěže „Manažer roku 2014“
2015-01-20 00:04:00,cz/clanky/projev-prezidenta-republiky-pri-zahajeni-zofinskeho-fora-131907.htm,Projev prezidenta republiky při zahájení Žofínského fóra
2015-01-15 00:04:00,cz/clanky/projev-prezidenta-republiky-pri-tiskove-konferenci-k-ukonceni-navstevy-karlovarskeho-kraje-840716.htm,Projev prezidenta republiky při tiskové konferenci k ukončení návštěvy Karlovarského kraje
2015-01-13 00:04:00,cz/clanky/projev-prezidenta-republiky-pri-setkani-se-zastupiteli-karlovarskeho-kraje-461102.htm,Projev prezidenta republiky při setkání se zastupiteli Karlovarského kraje
2015-01-26 00:03:00,cz/clanky/projev-prezidenta-republiky-pri-tiskove-konferenci-k-ukonceni-navstevy-libereckeho-kraje.htm,Projev prezidenta republiky při tiskové konferenci k ukončení návštěvy Libereckého kraje
2015-01-24 00:03:00,cz/clanky/projev-prezidenta-republiky-pri-setkani-se-cleny-zastupitelstva-libereckeho-kraje-725341.htm,Projev prezidenta republiky při setkání se členy zastupitelstva Libereckého kraje
2015-01-06 00:03:00,cz/clanky/projev-prezidenta-republiky-pri-tiskove-konferenci-k-ukonceni-navstevy-plzenskeho-kraje-609529.htm,Projev prezidenta republiky při tiskové konferenci k ukončení návštěvy Plzeňského kraje
2015-01-04 00:03:00,cz/clanky/projev-prezidenta-republiky-pri-setkani-s-krajskými-zastupiteli-v-plzni-565878.htm,Projev prezidenta republiky při setkání s krajskými zastupiteli v Plzni
2015-01-04 00:03:00,cz/clanky/projev-prezidenta-republiky-pri-besede-se-studenty-stredni-prumyslove-skoly-elektrotechnicke-v-plzni-762034.htm,Projev prezidenta republiky při besedě se studenty Střední průmyslové školy elektrotechnické v Plzni
2015-01-25 00:02:00,cz/clanky/projev-prezidenta-republiky-pri-prijeti-vitezu-souteze-„vesnice-roku-2014“-483151.htm,Projev prezidenta republiky při přijetí vítězů soutěže „Vesnice roku 2014“
2015-01-20 00:02:00,cz/clanky/projev-prezidenta-republiky-k-ukonceni-navstevy-kralovehradeckeho-kraje-639690.htm,Projev prezidenta republiky k ukončení návštěvy Královéhradeckého kraje
2015-01-18 00:02:00,cz/clanky/projev-prezidenta-republiky-pri-setkani-se-cleny-zastupitelstva-kralovehradeckeho-kraje-570487.htm,Projev prezidenta republiky při setkání se členy zastupitelstva Královéhradeckého kraje
2015-01-18 00:02:00,cz/clanky/projev-prezidenta-republiky-pri-setkani-s-obcany-mesta-dobruska-711881.htm,Projev prezidenta republiky při setkání s občany města Dobruška
2015-01-04 00:02:00,cz/clanky/projev-prezidenta-republiky-k-ukonceni-navstevy-usteckeho-kraje-170772.htm,Projev prezidenta republiky k ukončení návštěvy Ústeckého kraje
2015-01-02 00:02:00,cz/clanky/projev-prezidenta-republiky-pri-setkani-s-krajskými-zastupiteli-343198.htm,Projev prezidenta republiky při setkání s krajskými zastupiteli
2015-01-27 00:01:00,cz/clanky/projev-prezidenta-republiky-milose-zemana-pri-zahajeni-mezinarodniho-fora-„let-my-people-live“-76501.htm,Projev prezidenta republiky Miloše Zemana při zahájení mezinárodního fóra „Let My People Live!“
2015-01-26 00:01:00,cz/clanky/projev-prezidenta-republiky-milose-zemana-na-slavnostni-veceri-poradane-evropským-zidovským-kongresem.htm,Projev prezidenta republiky Miloše Zemana na slavnostní večeři pořádané Evropským židovským kongresem
2015-01-14 00:01:00,cz/clanky/projev-prezidenta-republiky-na-tiskove-konferenci-pri-ukonceni-navstevy-pardubickeho-kraje-416920.htm,Projev prezidenta republiky na tiskové konferenci při ukončení návštěvy Pardubického kraje
2015-01-12 00:01:00,cz/clanky/projev-prezidenta-republiky-pri-setkani-s-krajskými-zastupiteli-725819.htm,Projev prezidenta republiky při setkání s krajskými zastupiteli
2014-01-12 00:12:00,cz/clanky/projev-prezidenta-republiky-pri-prvnim-plenarnim-jednani-setkani-v4-236591.htm,Projev prezidenta republiky při Prvním plenárním jednání setkání V4
2014-01-12 00:12:00,cz/clanky/projev-prezidenta-republiky-pri-tiskove-konferenci-po-setkani-v4--44384.htm,Projev prezidenta republiky při tiskové konferenci po setkání V4 
2014-01-11 00:12:00,cz/clanky/projev-prezidenta-republiky-pri-prvnim-plenarnim-jednani-setkani-v4-432882.htm,Projev prezidenta republiky při Prvním plenárním jednání setkání V4
2014-01-10 00:12:00,cz/clanky/projev-prezidenta-republiky-pri-jmenovani-ustavniho-soudce-davida-uhlire-856592.htm,Projev prezidenta republiky při jmenování ústavního soudce Davida Uhlíře
2014-01-03 00:12:00,cz/clanky/projev-prezidenta-republiky-pri-setkani-s-obcany-lednice--187656.htm,Projev prezidenta republiky při setkání s občany Lednice 
2014-01-03 00:12:00,cz/clanky/projev-prezidenta-republiky-k-ukonceni-navstevy-jihomoravskeho-kraje-553535.htm,Projev prezidenta republiky k ukončení návštěvy Jihomoravského kraje
2014-01-02 00:12:00,cz/clanky/projev-prezidenta-republiky-behem-setkani-s-predstaviteli-mesta-zidlochovice-697849.htm,Projev prezidenta republiky během setkání s představiteli města Židlochovice
2014-01-02 00:12:00,cz/clanky/projev-prezidenta-republiky-pri--predani-cen-jihomoravskeho-kraje-980193.htm,Projev prezidenta republiky při  předání Cen Jihomoravského kraje
2014-01-01 00:12:00,cz/clanky/projev-prezidenta-republiky-pri-setkani-s-krajskými-zastupiteli.htm,Projev prezidenta republiky při setkání s krajskými zastupiteli
2014-01-01 00:12:00,cz/clanky/projev-prezidenta-republiky-behem-setkani-s-obcany-blanska-708671.htm,Projev prezidenta republiky během setkání s občany Blanska
2014-01-19 00:11:00,cz/clanky/projev-prezidenta-republiky-behem-velitelskeho-shromazdeni-ridicich-funkcionaru-resortu-ministerstva-obrany-144262.htm,Projev prezidenta republiky během velitelského shromáždění řídících funkcionářů resortu Ministerstva obrany
2014-01-19 00:11:00,cz/clanky/projev-prezidenta-republiky-pri-tiskove-konferenci-s-marcelem-chladkem-ministrem-skolstvi-mladeze-a-telovýchovy.htm,"Projev prezidenta republiky při tiskové konferenci s Marcelem Chládkem, ministrem školství, mládeže a tělovýchovy"
2014-01-17 00:11:00,cz/clanky/projev-prezidenta-republiky-pri-odhaleni-pametni-desky-k-25-výroci-udalosti-17-listopadu-1989-na-albertove-213087.htm,Projev prezidenta republiky při odhalení pamětní desky k 25. výročí události 17. listopadu 1989 na Albertově
2014-01-16 00:11:00,cz/clanky/projev-prezidenta-republiky-na-oslavach-25-výroci-sametove-revoluce-v-bratislave-334603.htm,Projev prezidenta republiky na oslavách 25. výročí sametové revoluce v Bratislavě
2014-01-13 00:11:00,cz/clanky/projev-prezidenta-republiky-na-konferenci-„25-let-svobodneho-podnikani“-924531.htm,Projev prezidenta republiky na konferenci „25 let svobodného podnikání“
2014-01-13 00:11:00,cz/clanky/projev-prezidenta-republiky-na-„dni-podnikatelu-2014“-456328.htm,Projev prezidenta republiky na „Dni podnikatelů 2014“
2014-01-12 00:11:00,cz/clanky/projev-prezidenta-republiky-pri-setkani-se-zamestnanci-tatra-trucks-as-441139.htm,Projev prezidenta republiky při setkání se zaměstnanci Tatra Trucks a.s.
2014-01-12 00:11:00,cz/clanky/projev-prezidenta-republiky-pri-setkani-s-obcany-koprivnice-71229.htm,Projev prezidenta republiky při setkání s občany Kopřivnice
2014-01-12 00:11:00,cz/clanky/projev-prezidenta-republiky-na-tiskove-konferenci-pri-ukonceni-navstevy-moravskoslezskeho-kraje.htm,Projev prezidenta republiky na tiskové konferenci při ukončení návštěvy Moravskoslezského kraje
2014-01-11 00:11:00,cz/clanky/projev-prezidenta-republiky-pri-setkani-s-obcany-krnova-506639.htm,Projev prezidenta republiky při setkání s občany Krnova
2014-01-10 00:11:00,cz/clanky/projev-prezidenta-republiky-pri-setkani-se-cleny-rady-a-zastupitelstva-moravskoslezskeho-kraje-505501.htm,Projev prezidenta republiky při setkání se členy rady a zastupitelstva Moravskoslezského kraje
2014-01-10 00:11:00,cz/clanky/projev-prezidenta-republiky-pri-setkani-se-zamestnanci--nemocnice-s-poliklinikou-havirov-915001.htm,Projev prezidenta republiky při setkání se zaměstnanci  Nemocnice s poliklinikou Havířov
2014-01-28 00:10:00,cz/clanky/projev-prezidenta-republiky-pri-slavnostni-prisaze-vojaku-armady-ceske-republiky-473717.htm,Projev prezidenta republiky při slavnostní přísaze vojáků Armády České republiky
2014-01-28 00:10:00,cz/clanky/projev-prezidenta-republiky-pri-jmenovani-nových-generalu-309064.htm,Projev prezidenta republiky při jmenování nových generálů
2014-01-28 00:10:00,cz/clanky/projev-prezidenta-republiky-behem-slavnostniho-ceremonialu-udeleni-statniho-vyznamenani-ceske-republiky-v-trunnim-sale-811011.htm,Projev prezidenta republiky během slavnostního ceremoniálu udělení státního vyznamenání České republiky v Trůnním sále
2014-01-28 00:10:00,cz/clanky/projev-prezidenta-republiky-behem-slavnostniho-ceremonialu-udeleni-statniho-vyznamenani-ceske-republiky-ve-vladislavskem-sale-109368.htm,Projev prezidenta republiky během slavnostního ceremoniálu udělení státního vyznamenání České republiky ve Vladislavském sále
2014-01-20 00:10:00,cz/clanky/projev-prezidenta-republiky-behem-tiskove-konference-na-uradu-vlady-cr-393365.htm,Projev prezidenta republiky během tiskové konference na Úřadu vlády ČR
2014-01-09 00:10:00,cz/clanky/projev-prezidenta-republiky-behem-navstevy-lipska-184320.htm,Projev prezidenta republiky během návštěvy Lipska
2014-01-07 00:10:00,cz/clanky/projev-prezidenta-republiky-u-prilezitosti-oslavy-70-narozenin-19391.htm,Projev prezidenta republiky u příležitosti oslavy 70. narozenin
2014-01-29 00:09:00,cz/clanky/projev-prezidenta-republiky-na-56-mezinarodnim-strojirenskem-veletrhu-v-brne-526449.htm,Projev prezidenta republiky na 56. mezinárodním strojírenském veletrhu v Brně
2014-01-26 00:09:00,cz/clanky/projev-prezidenta-republiky-na-konferenci-dialog-civilizaci-na-reckem-ostrove-rhodos-387104.htm,Projev prezidenta republiky na konferenci Dialog civilizací na řeckém ostrově Rhodos
2014-01-24 00:09:00,cz/clanky/projev-prezidenta-republiky-na-setkani-starostu-98325.htm,Projev prezidenta republiky na setkání starostů
2014-01-24 00:09:00,cz/clanky/projev-prezidenta-republiky-behem-setkani-s-obcany-otrokovic-780657.htm,Projev prezidenta republiky během setkání s občany Otrokovic
2014-01-23 00:09:00,cz/clanky/projev-prezidenta-republiky-behem-setkani-s-obcany-valasskeho-mezirici-200399.htm,Projev prezidenta republiky během setkání s občany Valašského Meziříčí
2014-01-22 00:09:00,cz/clanky/projev-prezidenta-republiky-pri-setkani-se-studenty-univerzity-tomase-bati-ve-zline-650764.htm,Projev prezidenta republiky při setkání se studenty Univerzity Tomáše Bati ve Zlíně
2014-01-21 00:09:00,cz/clanky/projev-prezidenta-republiky-pri-otevreni-centra-bunecne-terapie-a-diagnostiky-4medical-innovations-ostrava-583097.htm,Projev prezidenta republiky při otevření centra buněčné terapie a diagnostiky 4Medical Innovations Ostrava
2014-01-16 00:09:00,cz/clanky/projev-prezidenta-republiky-na-zahajeni-výstavy-„tvare-odvazných“-719913.htm,Projev prezidenta republiky na zahájení výstavy „Tváře odvážných“
2014-01-16 00:09:00,cz/clanky/projev-prezidenta-republiky-na-vyhlaseni-výsledku-souteze-o-nejlepsiho-predstavitele-samospravy.htm,Projev prezidenta republiky na vyhlášení výsledků soutěže o nejlepšího představitele samosprávy
2014-01-09 00:09:00,cz/clanky/projev-prezidenta-republiky-pri-tiskove-konferenci-po-setkani-s-prezidentem-francouzske-republiky-5235.htm,Projev prezidenta republiky při tiskové konferenci po setkání s prezidentem Francouzské republiky
2014-01-08 00:09:00,cz/clanky/projev-prezidenta-republiky-pri-pietnim-aktu-ucteni-pamatky-padlých-u-pamatniku-ceskoslovenských-legionaru-562274.htm,Projev prezidenta republiky při pietním aktu uctění památky padlých u Památníku československých legionářů
2014-01-02 00:09:00,cz/clanky/projev-prezidenta-republiky-v-poslanecke-snemovne-parlamentu-cr-58655.htm,Projev prezidenta republiky v Poslanecké sněmovně Parlamentu ČR
2014-01-01 00:09:00,cz/clanky/projev-prezidenta-republiky-pri-zahajeni-skolniho-roku.htm,Projev prezidenta republiky při zahájení školního roku
2014-01-30 00:08:00,cz/clanky/projev-prezidenta-republiky-na-setkani-predsedu-mo-spo-434941.htm,Projev prezidenta republiky na setkání předsedů MO SPO
2014-01-29 00:08:00,cz/clanky/projev-prezidenta-republiky-na-oslavach-70-výroci-slovenskeho-narodniho-povstani-v-banske-bystrici.htm,Projev prezidenta republiky na oslavách 70. výročí Slovenského národního povstání v Banské Bystrici
2014-01-28 00:08:00,cz/clanky/projev-prezidenta-republiky-na-zahajeni-výstavy-„zeme-zivitelka-2014“.htm,Projev prezidenta republiky na zahájení výstavy „Země živitelka 2014“
2014-01-26 00:08:00,cz/clanky/projev-prezidenta-republiky-behem-setkani-s-vedoucimi-zastupitelských-uradu-cr-v-zahranici-458188.htm,Projev prezidenta republiky během setkání s vedoucími zastupitelských úřadů ČR v zahraničí
2014-01-23 00:07:00,cz/clanky/projev-prezidenta-republiky-behem-prijeti-ceských-tenistek-na-prazskem-hrade-297502.htm,Projev prezidenta republiky během přijetí českých tenistek na Pražském hradě
2014-01-27 00:06:00,cz/clanky/projev-prezidenta-republiky-behem-setkani-s-obcany-trebice-127042.htm,Projev prezidenta republiky během setkání s občany Třebíče
2014-01-26 00:06:00,cz/clanky/projev-prezidenta-republiky-pri-setkani-s-obcany-jihlavy-750268.htm,Projev prezidenta republiky při setkání s občany Jihlavy
2014-01-25 00:06:00,cz/clanky/projev-prezidenta-republiky-behem-setkani-s-predstaviteli-kraje-vysocina-642058.htm,Projev prezidenta republiky během setkání s představiteli Kraje Vysočina
2014-01-24 00:06:00,cz/clanky/projev-prezidenta-republiky-v-narodnim-pamatniku-v-praze-na-vitkove-341843.htm,Projev prezidenta republiky v Národním památníku v Praze na Vítkově
2014-01-24 00:06:00,cz/clanky/projev-prezidenta-republiky-pri-zahajeni-výstavy-v-sidle-vojenskeho-historickeho-ustavu-„v-zakopech-1-svetove-valky--813289.htm,"Projev prezidenta republiky při zahájení výstavy v sídle Vojenského historického ústavu „V zákopech 1. světové války"""
2014-01-22 00:06:00,cz/clanky/projev-prezidenta-republiky-na-pietnim-shromazdeni-k-72-výroci-vyhlazeni-osady-lezaky-252981.htm,Projev prezidenta republiky na pietním shromáždění k 72. výročí vyhlazení osady Ležáky
2014-01-18 00:06:00,cz/clanky/projev-prezidenta-republiky-behem-zahajeni-festivalu-exportu-cz-2014-127771.htm,Projev prezidenta republiky během zahájení Festivalu Exportu CZ 2014
2014-01-11 00:06:00,cz/clanky/projev-prezidenta-republiky-behem-setkani-s-obcany-jablonce-nad-nisou.htm,Projev prezidenta republiky během setkání s občany Jablonce nad Nisou
2014-01-10 00:06:00,cz/clanky/projev-prezidenta-republiky-behem-setkani-se-zamestnanci-firmy-crystalex-cz-sro.htm,"Projev prezidenta republiky během setkání se zaměstnanci firmy Crystalex CZ, s.r.o."
2014-01-10 00:06:00,cz/clanky/projev-prezidenta-republiky-behem-setkani-s-obcany-ceske-lipy.htm,Projev prezidenta republiky během setkání s občany České Lípy
2014-01-09 00:06:00,cz/clanky/projev-prezidenta-republiky-behem-setkani-s-predstaviteli-libereckeho-kraje.htm,Projev prezidenta republiky během setkání s představiteli Libereckého kraje
2014-01-09 00:06:00,cz/clanky/projev-prezidenta-republiky-behem-setkani-s-obcany-liberce.htm,Projev prezidenta republiky během setkání s občany Liberce
2014-01-09 00:06:00,cz/clanky/projev-prezidenta-republiky-s-predstaviteli-mesta-liberce.htm,Projev prezidenta republiky s představiteli města Liberce
2014-01-02 00:06:00,cz/clanky/projev-prezidenta-republiky-na-oslavach-20-výroci-vzniku-statniho-zastupitelstvi.htm,Projev prezidenta republiky na oslavách 20. výročí vzniku státního zastupitelství
2014-01-29 00:05:00,cz/clanky/projev-prezidenta-republiky-na-„setkani-lidru-ceskeho-stavebnictvi-2014“-457971.htm,Projev prezidenta republiky na „Setkání lídrů českého stavebnictví 2014“
2014-01-29 00:05:00,cz/clanky/projev-prezidenta-republiky-na-21-schuzi-senatu-parlamentu-cr-992320.htm,Projev prezidenta republiky na 21. schůzi Senátu Parlamentu ČR
2014-01-27 00:05:00,cz/clanky/projev-prezidenta-republiky-behem-tiskove-konference-se-slovenským-prezidentem-ivanem-gasparovicem.htm,Projev prezidenta republiky během tiskové konference se slovenským prezidentem Ivanem Gašparovičem
2014-01-27 00:05:00,cz/clanky/projev-prezidenta-republiky-na-recepci-pri-prilezitosti-dne-nezavislosti-statu-izrael-483192.htm,Projev prezidenta republiky na recepci při příležitosti Dne nezávislosti Státu Izrael
2014-01-22 00:05:00,cz/clanky/projev-prezidenta-republiky-behem-tiskove-konference-v-moldavske-republice-321882.htm,Projev prezidenta republiky během tiskové konference v Moldavské republice
2014-01-16 00:05:00,cz/clanky/projev-prezidenta-republiky-pri-setkani-s-obcany-tachova-293423.htm,Projev prezidenta republiky při setkání s občany Tachova
2014-01-16 00:05:00,cz/clanky/projev-prezidenta-republiky-pri-tiskove-konferenci-k-ukonceni-navstevy-plzenskeho-kraje-441362.htm,Projev prezidenta republiky při tiskové konferenci k ukončení návštěvy Plzeňského kraje
2014-01-15 00:05:00,cz/clanky/projev-prezidenta-republiky-pri-setkani-s-obcany-prestic-507785.htm,Projev prezidenta republiky při setkání s občany Přeštic
2014-01-15 00:05:00,cz/clanky/projev-prezidenta-republiky-pri-setkani-s-obcany-klatov-224689.htm,Projev prezidenta republiky při setkání s občany Klatov
2014-01-15 00:05:00,cz/clanky/projev-prezidenta-republiky-pri-setkani-s-obcany-horazdovic-187897.htm,Projev prezidenta republiky při setkání s občany Horažďovic
2014-01-15 00:05:00,cz/clanky/projev-prezidenta-pri-setkani-s-obcany-susice-577585.htm,Projev prezidenta při setkání s občany Sušice
2014-01-14 00:05:00,cz/clanky/projev-prezidenta-republiky-behem-setkani-s-predstaviteli-plzenskeho-kraje-103257.htm,Projev prezidenta republiky během setkání s představiteli Plzeňského kraje
2014-01-14 00:05:00,cz/clanky/projev-prezidenta-republiky-na-zapadoceske-univerzite.htm,Projev prezidenta republiky na Západočeské univerzitě
2014-01-14 00:05:00,cz/clanky/projev-prezidenta-republiky-behem-setkani-s-predstaviteli-mesta-plzen-724621.htm,Projev prezidenta republiky během setkání s představiteli města Plzeň
2014-01-14 00:05:00,cz/clanky/projev-prezidenta-republiky-pri-setkani-se-zamestnanci-skoda-transportation-847496.htm,Projev prezidenta republiky při setkání se zaměstnanci Škoda Transportation
2014-01-07 00:05:00,cz/clanky/projev-prezidenta-republiky-pri-setkani-se-zamestnanci-spolecnosti-skoda-pri-prilezitosti-navstevy-prezidenta-spolkove-republiky-nemecko-v-ceske-republice-858603.htm,Projev prezidenta republiky při setkání se zaměstnanci společnosti Škoda při příležitosti návštěvy prezidenta Spolkové republiky Německo v České republice
2014-01-06 00:05:00,cz/clanky/projev-prezidenta-republiky-v-karolinu-pri-prilezitosti-navstevy-prezidenta-spolkove-republiky-nemecko-v-ceske-republice-436493.htm,Projev prezidenta republiky v Karolinu při příležitosti návštěvy prezidenta Spolkové republiky Německo v České republice
2014-01-05 00:05:00,cz/clanky/projev-prezidenta-republiky-na-tiskove-konferenci-se-spolkovým-prezidentem-srn-909959.htm,Projev prezidenta republiky na tiskové konferenci se spolkovým prezidentem SRN
2014-01-29 00:04:00,cz/clanky/projev-prezidenta-republiky-na-zofinskem-foru-11651.htm,Projev prezidenta republiky na Žofínském fóru
2014-01-25 00:04:00,cz/clanky/projev-prezident-republiky-pri-tiskove-konferenci-u-prilezitosti-setkani-k-5-výroci-východniho-partnerstvi.htm,Projev prezident republiky při tiskové konferenci u příležitosti Setkání k 5. výročí Východního partnerství
2014-01-24 00:04:00,cz/clanky/projev-prezidenta-republiky-pri-zahajeni-zasedani-k-5-výroci-východniho-partnerstvi-184803.htm,Projev prezidenta republiky při zahájení zasedání k 5. výročí Východního partnerství
2014-01-18 00:04:00,cz/clanky/projev-prezidenta-republiky-pri-setkani-s-olympioniky-742901.htm,Projev prezidenta republiky při setkání s olympioniky
2014-01-17 00:04:00,cz/clanky/projev-prezidenta-republiky-pri-setkani-se-zamestnanci-spolecnosti-veba.htm,Projev prezidenta republiky při setkání se zaměstnanci společnosti VEBA
2014-01-17 00:04:00,cz/clanky/projev-prezidenta-republiky-behem-setkani-s-obcany-broumova.htm,Projev prezidenta republiky během setkání s občany Broumova
2014-01-16 00:04:00,cz/clanky/projev-prezidenta-republiky-v-holovousech---vesnici-roku-2013-kralovehradeckeho-kraje.htm,Projev prezidenta republiky v Holovousech - Vesnici roku 2013 Královéhradeckého kraje
2014-01-16 00:04:00,cz/clanky/projev-prezidenta-republiky-pri-setkani-s-obcany-v-jicine.htm,Projev prezidenta republiky při setkání s občany v Jičíně
2014-01-15 00:04:00,cz/clanky/projev-prezidenta-republiky-na-univerzite-hradec-kralove.htm,Projev prezidenta republiky na Univerzitě Hradec Králové
2014-01-15 00:04:00,cz/clanky/projev-prezidenta-republiky-behem-setkani-se-zastupiteli-kralovehradeckeho-kraje.htm,Projev prezidenta republiky během setkání se zastupiteli Královéhradeckého kraje
2014-01-11 00:04:00,cz/clanky/projev-prezidenta-republiky-na-konferenci-„cesko-ocima-evropy-evropa-ocima-ceska“-836058.htm,"Projev prezidenta republiky na konferenci „Česko očima Evropy, Evropa očima Česka“"
2014-01-11 00:04:00,cz/clanky/projev-prezidenta-republiky-na-charitativni-aukci-prezidentskeho-fondu-173900.htm,Projev prezidenta republiky na charitativní aukci prezidentského fondu
2014-01-09 00:04:00,cz/clanky/projev-prezidenta-republiky-na-ekonomicke-konferenci-„uspechy-a-otazniky-zmen-ceske-ekonomiky-v-poslednim-ctvrtstoleti“-656120.htm,Projev prezidenta republiky na ekonomické konferenci „Úspěchy a otazníky změn české ekonomiky v posledním čtvrtstoletí“
2014-01-01 00:04:00,cz/clanky/projev-prezidenta-republiky-u-prilezitosti-otevreni-výstavy-o-cesko-srbske-vojenske-spolupraci.htm,Projev prezidenta republiky u příležitosti otevření výstavy o česko-srbské vojenské spolupráci
2014-01-29 00:03:00,cz/clanky/projev-prezidenta-republiky-na-sjezdu-strany-prav-obcanu-557186.htm,Projev prezidenta republiky na sjezdu Strany Práv Občanů
2014-01-28 00:03:00,cz/clanky/projev-prezidenta-republiky-na-vi-snem-hnuti-starostove-a-nezavisli-871975.htm,Projev prezidenta republiky na VI. sněm hnutí Starostové a nezávislí
2014-01-27 00:03:00,cz/clanky/projev-prezidenta-republiky-pri-prilezitosti-udeleni-zlateho-zachranarskeho-krize.htm,Projev prezidenta republiky při příležitosti udělení Zlatého záchranářského kříže
2014-01-12 00:03:00,cz/clanky/projev-prezidenta-republiky-na-narodni-konferenci-„15-let-ceska-v-nato-–-nase-bezpecnost-neni-samozrejmost“.htm,Projev prezidenta republiky na národní konferenci „15 let Česka v NATO – Naše bezpečnost není samozřejmost“
2014-01-07 00:03:00,cz/clanky/projev-prezidenta-republiky-na-tiskove-konferenci-k-ukonceni-navstevy-olomouckeho-kraje-941395.htm,Projev prezidenta republiky na tiskové konferenci k ukončení návštěvy Olomouckého kraje
2014-01-07 00:03:00,cz/clanky/projev-prezidenta-republiky-behem-setkani-s-obcany-v-obci-hradcany-831315.htm,Projev prezidenta republiky během setkání s občany v obci Hradčany
2014-01-06 00:03:00,cz/clanky/projev-prezidenta-republiky-pri-setkani-s-obcany-litovle-772812.htm,Projev prezidenta republiky při setkání s občany Litovle
2014-01-05 00:03:00,cz/clanky/projev-prezidenta-republiky-pri-setkani-s-obcany-mesta-olomouce.htm,Projev prezidenta republiky při setkání s občany města Olomouce
2014-01-04 00:03:00,cz/clanky/projev-prezidenta-republiky-pri-prilezitosti-uvedeni-noveho-rektora-univerzity-karlovy-752564.htm,Projev prezidenta republiky při příležitosti uvedení nového rektora Univerzity Karlovy
2014-01-27 00:02:00,cz/clanky/projev-prezidenta-republiky-na-tiskove-konferenci-s-makedonským-prezidentem-gjorgem-ivanovem.htm,Projev prezidenta republiky na tiskové konferenci s makedonským prezidentem Gjorgem Ivanovem
2014-01-26 00:02:00,cz/clanky/projev-prezidenta-republiky-behem-navstevy-evropskeho-parlamentu-ve-strasburku.htm,Projev prezidenta republiky během návštěvy Evropského parlamentu ve Štrasburku
2014-01-19 00:02:00,cz/clanky/projev-prezidenta-republiky-behem-navstevy-jaderne-elektrarny-temelin.htm,Projev prezidenta republiky během návštěvy Jaderné elektrárny Temelín
2014-01-19 00:02:00,cz/clanky/projev-prezidenta-republiky-behem-navstevy-spolecnosti-farmtec.htm,Projev prezidenta republiky během návštěvy společnosti Farmtec
2014-01-18 00:02:00,cz/clanky/projev-prezidenta-republiky-na-6-schuzi-poslanecke-snemovny-parlamentu-ceske-republiky.htm,Projev prezidenta republiky na 6. schůzi Poslanecké sněmovny Parlamentu České republiky
2014-01-18 00:02:00,cz/clanky/projev-prezidenta-republiky-behem-setkani-s-obcany-pisku.htm,Projev prezidenta republiky během setkání s občany Písku
2014-01-18 00:02:00,cz/clanky/projev-prezidenta-republiky-pri-setkani-s-obcany-trebone-a-cleny-rybarstvi-trebon--126345.htm,Projev prezidenta republiky při setkání s občany Třeboně a členy Rybářství Třeboň 
2014-01-18 00:02:00,cz/clanky/projev-prezidenta-republiky-pri-setkani-s-obcany-jindrichova-hradce-231028.htm,Projev prezidenta republiky při setkání s občany Jindřichova Hradce
2014-01-17 00:02:00,cz/clanky/projev-prezidenta-republiky-pri-setkani-s-obcany-ceských-budejovic.htm,Projev prezidenta republiky při setkání s občany Českých Budějovic
2014-01-17 00:02:00,cz/clanky/projev-prezidenta-republiky-pri-setkani-se-studenty-na-stredni-prumyslove-skole-stavebni.htm,Projev prezidenta republiky při setkáni se studenty na Střední průmyslové škole stavební
2014-01-17 00:02:00,cz/clanky/projev-prezidenta-republiky-pri-setkani-se-zamestnanci-nemocnice-ceske-budejovice-963713.htm,Projev prezidenta republiky při setkání se zaměstnanci Nemocnice České Budějovice
2014-01-17 00:02:00,cz/clanky/projev-prezidenta-republiky-behem-setkani-s-predstaviteli-ceských-budejovic-853341.htm,Projev prezidenta republiky během setkání s představiteli Českých Budějovic
2014-01-17 00:02:00,cz/clanky/projev-prezidenta-republiky-pri-setkani-s-predstaviteli-jihoceskeho-kraje.htm,Projev prezidenta republiky při setkání s představiteli Jihočeského kraje
2014-01-31 00:01:00,cz/clanky/projev-prezident-republiky-na-cesko-armenskem-podnikatelskem-foru.htm,Projev prezident republiky na Česko-arménském podnikatelském fóru
2014-01-29 00:01:00,cz/clanky/projev-prezidenta-republiky-k-nove-jmenovaným-clenum-vlady.htm,Projev prezidenta republiky k nově jmenovaným členům vlády
2014-01-24 00:01:00,cz/clanky/projev-prezidenta-republiky-behem-setkani-s-ceskými-vojaky-ukoloveho-uskupeni-acr-isaf.htm,Projev prezidenta republiky během setkání s českými vojáky Úkolového uskupení AČR ISAF
2014-01-15 00:01:00,cz/clanky/projev-prezidenta-republiky-behem-setkani-s-obcany-chebu.htm,Projev prezidenta republiky během setkání s občany Chebu
2014-01-13 00:01:00,cz/clanky/projev-prezidenta-republiky-behem-setkani-s-obcany-mesta-jachymov.htm,Projev prezidenta republiky během setkání s občany města Jáchymov
2014-01-13 00:01:00,cz/clanky/projev-prezidenta-republiky-behem-setkani-s-obcany-v-karlových-varech.htm,Projev prezidenta republiky během setkání s občany v Karlových Varech
2013-01-18 00:12:00,cz/clanky/projev-prezidenta-republiky-pri-17-schuzi-senatu-parlamentu-cr.htm,Projev prezidenta republiky při 17. schůzi Senátu Parlamentu ČR
2013-01-16 00:12:00,cz/clanky/projev-prezidenta-republiky-u-prilezitosti-vyhlaseni-vitezu-souteze-exporter-roku-2013-539285.htm,Projev prezidenta republiky u příležitosti vyhlášení vítězů soutěže Exportér roku 2013
2013-01-28 00:10:00,cz/clanky/projev-prezidenta-republiky-pri-jmenovani-nových-generalu.htm,Projev prezidenta republiky při jmenování nových generálů
2013-01-28 00:10:00,cz/clanky/projev-prezidenta-republiky-pri-slavnostni-prisaze-vojaku-armady-cr.htm,Projev prezidenta republiky při slavnostní přísaze vojáků Armády ČR
2013-01-28 00:10:00,cz/clanky/projev-prezidenta-republiky-pri-slavnostnim-ceremonialu-udileni-statnich-vyznamenani.htm,Projev prezidenta republiky při slavnostním ceremoniálu udílení státních vyznamenání
2013-01-25 00:10:00,cz/clanky/projev-prezidenta-republiky-pred-tiskovou-konferenci-k-ukonceni-navstevy-usteckeho-kraje.htm,Projev prezidenta republiky před tiskovou konferencí k ukončení návštěvy Ústeckého kraje
2013-01-24 00:10:00,cz/clanky/projev-prezidenta-republiky-na-krajskem-urade-v-usti-nad-labem.htm,Projev prezidenta republiky na Krajském úřadě v Ústí nad Labem
2013-01-24 00:10:00,cz/clanky/projev-prezidenta-republiky-pri-setkani-se-zamestnanci-severoceských-dolu-v-biline.htm,Projev prezidenta republiky při setkání se zaměstnanci Severočeských dolů v Bílině
2013-01-24 00:10:00,cz/clanky/projev-prezidenta-republiky-na-univerzite-j-e-purkyne-964403.htm,Projev prezidenta republiky na Univerzitě J. E. Purkyně
2013-01-24 00:10:00,cz/clanky/projev-prezidenta-republiky-behem-setkani-s-predstaviteli-mesta-most.htm,Projev prezidenta republiky během setkání s představiteli města Most
2013-01-24 00:10:00,cz/clanky/projev-prezidenta-republiky-behem-setkani-s-obcany-mostu.htm,Projev prezidenta republiky během setkání s občany Mostu
2013-01-24 00:10:00,cz/clanky/projev-prezidenta-republiky-behem-setkani-s-predstaviteli-a-obcany-mesta-chomutov-.htm,Projev prezidenta republiky během setkání s představiteli a občany města Chomutov 
2013-01-24 00:10:00,cz/clanky/projev-prezidenta-republiky-pri-navsteve-4-brigady-rychleho-nasazeni-zatec.htm,Projev prezidenta republiky při návštěvě 4. brigády rychlého nasazení Žatec
2013-01-18 00:10:00,cz/clanky/projev-prezidenta-republiky-pred-tiskovou-konferenci-pri-setkani-s-heinzem-fischerem.htm,Projev prezidenta republiky před tiskovou konferencí při setkání s Heinzem Fischerem
2013-01-17 00:10:00,cz/clanky/projev-prezidenta-republiky-pred-tiskovou-konferenci-k-ukonceni-navstevy-stredoceskeho-kraje.htm,Projev prezidenta republiky před tiskovou konferencí k ukončení návštěvy Středočeského kraje
2013-01-16 00:10:00,cz/clanky/projev-prezidenta-republiky-pri-setkani-se-studenty-obchodni-akademie-kolin-.htm,Projev prezidenta republiky při setkání se studenty Obchodní akademie Kolín 
2013-01-16 00:10:00,cz/clanky/projev-prezidenta-republiky-pri-setkani-s-obcany-v-koline.htm,Projev prezidenta republiky při setkání s občany v Kolíně
2013-01-16 00:10:00,cz/clanky/projev-prezidenta-republiky-pri-navsteva-tovarny-philip-morris-v-kutne-hore.htm,Projev prezidenta republiky při návštěva továrny Philip Morris v Kutné Hoře
2013-01-16 00:10:00,cz/clanky/projev-prezidenta-republiky-pri-setkani-s-obcany-kutne-hory-.htm,Projev prezidenta republiky při setkání s občany Kutné Hory 
2013-01-16 00:10:00,cz/clanky/projev-prezidenta-republiky-pri-setkani-s-obcany-cerhenic.htm,Projev prezidenta republiky při setkání s občany Cerhenic
2013-01-15 00:10:00,cz/clanky/projev-prezidenta-republiky-behem-setkani-s-hejtmanem-a-zastupitelstvem-stredoceskeho-kraje.htm,Projev prezidenta republiky během setkání s hejtmanem a zastupitelstvem Středočeského kraje
2013-01-15 00:10:00,cz/clanky/projev-prezidenta-republiky-behem-navstevy-oblastni-nemocnice-v-pribrami.htm,Projev prezidenta republiky během návštěvy Oblastní nemocnice v Příbrami
2013-01-15 00:10:00,cz/clanky/projev-prezidenta-republiky-pri-setkani-s-obcany-v-pribrami.htm,Projev prezidenta republiky při setkání s občany v Příbrami
2013-01-15 00:10:00,cz/clanky/projev-prezidenta-republiky-pri-setkani-se-seniory-v-dobrisi.htm,Projev prezidenta republiky při setkání se seniory v Dobříši
2013-01-15 00:10:00,cz/clanky/projev-prezidenta-republiky-pri-setkani-s-obcany--v-dobrisi.htm,Projev prezidenta republiky při setkání s občany  v Dobříši
2013-01-15 00:10:00,cz/clanky/projev-prezidenta-republiky-behem-setkani-s-obcany-kladna.htm,Projev prezidenta republiky během setkání s občany Kladna
2013-01-11 00:10:00,cz/clanky/projev-prezidenta-republiky-na-6-snemu-ceske-advokatni-komory-344838.htm,Projev prezidenta republiky na 6. sněmu České advokátní komory
2013-01-03 00:10:00,cz/clanky/projev-prezidenta-republiky-pri-setkani-se-zamestnanci-tatra-as-koprivnice.htm,Projev prezidenta republiky při setkáni se zaměstnanci Tatra a.s. Kopřivnice
2013-01-03 00:10:00,cz/clanky/projev-prezidenta-republiky-behem-setkani-se-zamestnanci-firmy-hyundai.htm,Projev prezidenta republiky během setkání se zaměstnanci firmy Hyundai
2013-01-03 00:10:00,cz/clanky/projev-prezidenta-republiky-pri-setkani-s-obcany-fulneku.htm,Projev prezidenta republiky při setkání s občany Fulneku
2013-01-03 00:10:00,cz/clanky/projev-prezidenta-republiky-pri-setkani-s-obcany-koprivnice.htm,Projev prezidenta republiky při setkáni s občany Kopřivnice
2013-01-02 00:10:00,cz/clanky/projev-prezidenta-republiky-na-14-rocniku-mezinarodni-konference--investment-&-business-forum--480054.htm,"Projev prezidenta republiky na 14. ročníku mezinárodní konference ""Investment & Business Forum"""
2013-01-02 00:10:00,cz/clanky/projev-prezidenta-republiky-pri-setkani-s-predstaviteli-bohumina-192691.htm,Projev prezidenta republiky při setkání s představiteli Bohumína
2013-01-02 00:10:00,cz/clanky/projev-prezidenta-republiky-pri-setkani-s-obcany-v-karvine.htm,Projev prezidenta republiky při setkání s občany v Karviné
2013-01-02 00:10:00,cz/clanky/projev-prezidenta-republiky-pri-setkani-s-obcany-bohumina-927045.htm,Projev prezidenta republiky při setkání s občany Bohumína
2013-01-02 00:10:00,cz/clanky/projev-prezidenta-republiky-behem-setkani-s-obcany-petrovic.htm,Projev prezidenta republiky během setkání s občany Petrovic
2013-01-01 00:10:00,cz/clanky/projev-prezidenta-republiky-behem-setkani-s-predstaviteli-moravskoslezskeho-kraje-.htm,Projev prezidenta republiky během setkání s představiteli Moravskoslezského kraje 
2013-01-01 00:10:00,cz/clanky/projev-prezidenta-republiky-pri-setkani-se-zamestnanci-vitkovice-machinery-group.htm,Projev prezidenta republiky při setkání se zaměstnanci Vítkovice Machinery Group
2013-01-01 00:10:00,cz/clanky/projev-prezidenta-republiky-behem-setkani-se-zamestnanci-firmy-huisman-konstrukce-sro.htm,Projev prezidenta republiky během setkání se zaměstnanci firmy Huisman Konstrukce s.r.o.
2013-01-01 00:10:00,cz/clanky/projev-prezidenta-republiky-pri-setkani-s-obcany-ostravy-19735.htm,Projev prezidenta republiky při setkání s občany Ostravy
2013-01-01 00:10:00,cz/clanky/projev-prezidenta-republiky-pri-setkani-se-zastupiteli-ostravy-449353.htm,Projev prezidenta republiky při setkání se zastupiteli Ostravy
2013-01-27 00:09:00,cz/clanky/projev-prezidenta-republiky-behem-setkani-s-obcany-vyskova.htm,Projev prezidenta republiky během setkání s občany Vyškova
2013-01-27 00:09:00,cz/clanky/projev-prezidenta-republiky-behem-setkani-s-dobrovolnými-hasici-zachranari-a-pracovniky-cerveneho-krize-ve-vyskove.htm,"Projev prezidenta republiky během setkání s dobrovolnými hasiči, záchranáři a pracovníky Červeného kříže ve Vyškově"
2013-01-27 00:09:00,cz/clanky/projev-prezidenta-republiky-behem-setkani-s-obcany-kyjova.htm,Projev prezidenta republiky během setkání s občany Kyjova
2013-01-26 00:09:00,cz/clanky/projev-prezidenta-republiky-behem-setkani-se-zamestnanci-podniku-tos-kurim.htm,Projev prezidenta republiky během setkání se zaměstnanci podniku TOS Kuřim
2013-01-26 00:09:00,cz/clanky/projev-prezidenta-republiky-behem-setkani-s-obcany-hodonina.htm,Projev prezidenta republiky během setkání s občany Hodonína
2013-01-26 00:09:00,cz/clanky/projev-prezidenta-republiky-behem-setkani-s-obcany-breclavi.htm,Projev prezidenta republiky během setkání s občany Břeclavi
2013-01-26 00:09:00,cz/clanky/projev-prezidenta-republiky-behem-setkani-s-predstaviteli-mesta-breclav.htm,Projev prezidenta republiky během setkání s představiteli města Břeclav
2013-01-26 00:09:00,cz/clanky/projev-prezidenta-republiky-behem-setkani-s-predstaviteli-mesta-hodonin-196330.htm,Projev prezidenta republiky během setkání s představiteli města Hodonín
2013-01-25 00:09:00,cz/clanky/projev-prezidenta-republiky-behem-setkani-s-obcany-mesta-brna.htm,Projev prezidenta republiky během setkání s občany města Brna
2013-01-25 00:09:00,cz/clanky/projev-prezidenta-republiky-na-podnikatelske-fakulte-vysokeho-uceni-technickeho-v-brne.htm,Projev prezidenta republiky na Podnikatelské fakultě Vysokého učení technického v Brně
2013-01-25 00:09:00,cz/clanky/projev-prezidenta-republiky-behem-setkani-s-laureaty-ceny-jihomoravskeho-kraje-2004---2012.htm,Projev prezidenta republiky během setkání s laureáty Ceny Jihomoravského kraje 2004 - 2012
2013-01-13 00:09:00,cz/clanky/projev-prezidenta-republiky-pred-tiskovou-konferenci-k-ukonceni-tridenni-navsteve-pardubickeho-kraje.htm,Projev prezidenta republiky před tiskovou konferencí k ukončení třídenní návštěvě Pardubického kraje
2013-01-13 00:09:00,cz/clanky/projev-prezidenta-republiky-pri-setkani-s-obcany-v-moravske-trebove.htm,Projev prezidenta republiky při setkání s občany v Moravské Třebové
2013-01-13 00:09:00,cz/clanky/projev-prezidenta-republiky-pri-setkani-se-studenty-vojenske-stredni-skoly-vyssi-odborne-skoly-ministerstva-obrany.htm,Projev prezidenta republiky při setkaní se studenty Vojenské střední školy Vyšší odborné školy Ministerstva obrany
2013-01-12 00:09:00,cz/clanky/projev-prezidenta-republiky-pri-setkani-se-zamestnanci-spolecnosti-cz-loko.htm,Projev prezidenta republiky při setkání se zaměstnanci společnosti CZ LOKO
2013-01-12 00:09:00,cz/clanky/projev-prezidenta-republiky-pri-setkani-s-obcany-na-namesti-v-ceske-trebove.htm,Projev prezidenta republiky při setkání s občany na náměstí v České Třebové
2013-01-12 00:09:00,cz/clanky/projev-prezidenta-republiky-pri-navsteve-orlickoustecke-nemocnice.htm,Projev prezidenta republiky při návštěvě Orlickoústecké nemocnice
2013-01-12 00:09:00,cz/clanky/projev-prezidenta-republiky-pri-setkani-s-obyvateli-privratu.htm,Projev prezidenta republiky při setkání s obyvateli Přívratu
2013-01-12 00:09:00,cz/clanky/projev-prezidenta-republiky-pri-setkani-s-obcany-v-usti-nad-orlici-.htm,Projev prezidenta republiky při setkání s občany v Ústí nad Orlicí 
2013-01-11 00:09:00,cz/clanky/projev-prezidenta-republiky-pri-setkani-s-obcany-v-pardubicich-na-pernstýnskem-namesti.htm,Projev prezidenta republiky při setkání s občany v Pardubicích na Pernštýnském náměstí
2013-01-11 00:09:00,cz/clanky/projev-prezidenta-republiky-pri-navsteve-firmy-explosia-as-v-pardubicich.htm,Projev prezidenta republiky při návštěvě firmy Explosia a.s. v Pardubicích
2013-01-11 00:09:00,cz/clanky/projev-prezidenta-republiky-pri-setkani-se-studenty-gymnazia-dasicka.htm,Projev prezidenta republiky při setkání se studenty Gymnázia Dašická
2013-01-11 00:09:00,cz/clanky/projev-prezidenta-republiky-pri-setkani-s-predstaviteli-mesta-pardubice.htm,Projev prezidenta republiky při setkání s představiteli města Pardubice
2013-01-08 00:09:00,cz/clanky/projev-prezidenta-republiky-pri-sazeni-sekvoje-vzdyzelene-v-zameckem-parku-v-lanech.htm,Projev prezidenta republiky při sázení Sekvoje vždyzelené v zámeckém parku v Lánech
2013-01-06 00:09:00,cz/clanky/projev-prezidenta-republiky-pred-tiskovou-konferenci-k-ukonceni-navstevy-zlinskeho-kraje.htm,Projev prezidenta republiky před tiskovou konferencí k ukončení návštěvy Zlínského kraje
2013-01-05 00:09:00,cz/clanky/projev-prezidenta-republiky-pri-prilezitosti-navstevy-vsetinske-nemocnice.htm,Projev prezidenta republiky při příležitosti návštěvy vsetínské nemocnice
2013-01-05 00:09:00,cz/clanky/projev-prezidenta-republiky-pri-prilezitosti-navstevy-hostýnske-baziliky-nanebevzeti-panny-marie.htm,Projev prezidenta republiky při příležitosti návštěvy hostýnské baziliky Nanebevzetí Panny Marie
2013-01-04 00:09:00,cz/clanky/projev-prezidenta-republiky-pri-prilezitosti-navstevy-batova-institutu.htm,Projev prezidenta republiky při příležitosti návštěvy Baťova institutu
2013-01-02 00:09:00,cz/clanky/projevy-prezidenta-republiky-pri-zahajeni-noveho-skolniho-roku-v-anglicko-ceskem-gymnaziu-amazon.htm,Projevy prezidenta republiky při zahájení nového školního roku v Anglicko-českém gymnáziu AMAZON
2013-01-29 00:08:00,cz/clanky/projev-prezidenta-republiky-pri-zahajeni-výstavy-zeme-zivitelka-2013.htm,Projev prezidenta republiky při zahájení výstavy Země živitelka 2013
2013-01-27 00:08:00,cz/clanky/projev-prezidenta-republiky-na-setkani-s-vedoucimi-zastupitelských-uradu-ceske-republiky-v-zahranici.htm,Projev prezidenta republiky na setkání s vedoucími zastupitelských úřadů České republiky v zahraničí
2013-01-21 00:08:00,cz/clanky/projev-prezidenta-republiky-na-výstave-srpen-1968--.htm,Projev prezidenta republiky na výstavě Srpen 1968  
2013-01-21 00:08:00,cz/clanky/projev-prezidenta-republiky-v-senatu-parlamentu-ceske-republiky.htm,Projev prezidenta republiky v Senátu Parlamentu České republiky
2013-01-07 00:08:00,cz/clanky/projev-prezidenta-republiky-na-57-schuzi-poslanecke-snemovny-parlamentu-ceske-republiky.htm,Projev prezidenta republiky na 57. schůzi Poslanecké sněmovny Parlamentu České republiky
2013-01-07 00:08:00,cz/clanky/projev-prezidenta-republiky-po-jmenovani-ustavnich-soudcu.htm,Projev prezidenta republiky po jmenování ústavních soudců
2013-01-25 00:07:00,cz/clanky/projev-prezidenta-republiky-pred-podepsanim-petice-za-zakon-o-prokazani-puvodu-prijmu-a-majetku-vcetne-moznosti-zabaveni-nelegalne-nabyteho-majetku.htm,Projev prezidenta republiky před podepsáním petice za zákon o prokázání původu příjmů a majetku včetně možnosti zabavení nelegálně nabytého majetku
2013-01-16 00:07:00,cz/clanky/projev-prezidenta-republiky-pri-prilezitosti-poklepani-zakladniho-kamene-pro-novostavbu-mobilniho-hospice-anezky-ceske.htm,Projev prezidenta republiky při příležitosti poklepání základního kamene pro novostavbu Mobilního hospice Anežky České
2013-01-16 00:07:00,cz/clanky/projev-prezidenta-republiky-v-domove-svateho-josefa-v-zirci.htm,Projev prezidenta republiky v Domově svatého Josefa v Žirči
2013-01-12 00:07:00,cz/clanky/projev-prezidenta-republiky-na-francouzske-recepci-pri-prilezitosti-statniho-svatku-francie.htm,Projev prezidenta republiky na francouzské recepci při příležitosti státního svátku Francie
2013-01-10 00:07:00,cz/clanky/projev-prezidenta-republiky-po-jmenovani-nových-clenu-vlady.htm,Projev prezidenta republiky po jmenování nových členů vlády
2013-01-04 00:07:00,cz/clanky/projev-prezidenta-republiky-na-setkani-s-obcany-v-osvetimanech.htm,Projev prezidenta republiky na setkání s občany v Osvětimanech
2013-01-27 00:06:00,cz/clanky/projev-prezidenta-republiky-na-humboldtove-univerzite-v-berline.htm,Projev prezidenta republiky na Humboldtově univerzitě v Berlíně
2013-01-20 00:06:00,cz/clanky/projev-prezidenta-republiky-v-senatu-ceske-republiky.htm,Projev prezidenta republiky v Senátu České republiky
2013-01-20 00:06:00,cz/clanky/projev-prezidenta-republiky-na-ix-sjezdu-ceskeho-svazu-bojovniku-z-svobodu.htm,Projev prezidenta republiky na IX. sjezdu Českého svazu bojovníků z svobodu
2013-01-15 00:06:00,cz/clanky/projev-prezidenta-republiky-na-pietnim-aktu-v-lidicich.htm,Projev prezidenta republiky na pietním aktu v Lidicích
2013-01-07 00:06:00,cz/clanky/projev-prezidenta-republiky-pri-prilezitosti-prijeti-predstavitelu-svazu-mest-a-obci.htm,Projev prezidenta republiky při příležitosti přijetí představitelů Svazu měst a obcí
2013-01-20 00:05:00,cz/clanky/projev-prezidenta-republiky-na-zofinskem-foru.htm,Projev prezidenta republiky na Žofínském fóru
2013-01-19 00:05:00,cz/clanky/projev-prezidenta-republiky-na-terezinske-tryzne.htm,Projev prezidenta republiky na Terezínské tryzně
2013-01-17 00:05:00,cz/clanky/projev-na-sjezdu-rady-senioru.htm,Projev na sjezdu Rady seniorů
2013-01-07 00:05:00,cz/clanky/projev-prezidenta-republiky-milose-zemana-v-poslanecke-snemovne.htm,Projev prezidenta republiky Miloše Zemana v Poslanecké sněmovně
2013-01-18 00:04:00,cz/clanky/projev-prezidenta-republiky-pri-prilezitosti-podpisu-prihlasky-ceskeho-olympijskeho-výboru-na-xxii-zimni-olympijske-hry-v-soci.htm,Projev prezidenta republiky při příležitosti podpisu přihlášky Českého olympijského výboru na XXII. zimní olympijské hry v Soči
2013-01-25 00:03:00,cz/clanky/projev-prezidenta-republiky-pri-prilezitosti-prijeti-predstavitelu-cmkos.htm,Projev prezidenta republiky při příležitosti přijetí představitelů ČMKOS
